"topic_title";"topic";"version";"canton";"publication_data";"contract_required_data";"publication_wms";"contract_required_wms";"comment";"updated"
"Amtliche Vermessung";"av";"24.0";"AG";"Frei erhältlich";False;"Frei erhältlich";False;"";"2023-07-24"
"Amtliche Vermessung";"av";"24.0";"AI";"Frei erhältlich";False;"Frei erhältlich";False;"";"2023-07-24"
"Amtliche Vermessung";"av";"24.0";"AR";"Freigabe erforderlich";False;"Freigabe erforderlich";False;"";"2023-07-24"
"Amtliche Vermessung";"av";"24.0";"BE";"Frei erhältlich";False;"Frei erhältlich";False;"";"2023-07-24"
"Amtliche Vermessung";"av";"24.0";"BL";"Frei erhältlich";False;"Frei erhältlich";False;"";"2023-07-24"
"Amtliche Vermessung";"av";"24.0";"BS";"Frei erhältlich";False;"Frei erhältlich";False;"";"2023-07-24"
"Amtliche Vermessung";"av";"24.0";"FL";"Im Aufbau";False;"Freigabe erforderlich";False;"";"2023-07-24"
"Amtliche Vermessung";"av";"24.0";"FR";"Frei erhältlich";False;"Frei erhältlich";False;"";"2023-07-24"
"Amtliche Vermessung";"av";"24.0";"GE";"Frei erhältlich";False;"Frei erhältlich";False;"";"2023-07-24"
"Amtliche Vermessung";"av";"24.0";"GL";"Frei erhältlich";False;"Frei erhältlich";False;"";"2023-07-24"
"Amtliche Vermessung";"av";"24.0";"GR";"Frei erhältlich";False;"Frei erhältlich";False;"";"2023-07-24"
"Amtliche Vermessung";"av";"24.0";"JU";"Freigabe erforderlich";True;"Freigabe erforderlich";True;"";"2023-07-24"
"Amtliche Vermessung";"av";"24.0";"LU";"Freigabe erforderlich";True;"Freigabe erforderlich";True;"";"2023-07-24"
"Amtliche Vermessung";"av";"24.0";"NE";"Freigabe erforderlich";True;"Frei erhältlich";False;"";"2023-07-24"
"Amtliche Vermessung";"av";"24.0";"NW";"Freigabe erforderlich";False;"Frei erhältlich";False;"";"2023-07-24"
"Amtliche Vermessung";"av";"24.0";"OW";"Freigabe erforderlich";False;"Frei erhältlich";False;"";"2023-07-24"
"Amtliche Vermessung";"av";"24.0";"SG";"Frei erhältlich";False;"Frei erhältlich";False;"";"2023-07-24"
"Amtliche Vermessung";"av";"24.0";"SH";"Frei erhältlich";False;"Frei erhältlich";False;"";"2023-07-24"
"Amtliche Vermessung";"av";"24.0";"SO";"Frei erhältlich";False;"Frei erhältlich";False;"";"2023-07-24"
"Amtliche Vermessung";"av";"24.0";"SZ";"Frei erhältlich";False;"Frei erhältlich";False;"";"2023-07-24"
"Amtliche Vermessung";"av";"24.0";"TG";"Freigabe erforderlich";False;"Frei erhältlich";False;"";"2023-07-24"
"Amtliche Vermessung";"av";"24.0";"TI";"Frei erhältlich";False;"Frei erhältlich";False;"";"2023-07-24"
"Amtliche Vermessung";"av";"24.0";"UR";"Frei erhältlich";False;"Frei erhältlich";False;"";"2023-07-24"
"Amtliche Vermessung";"av";"24.0";"VD";"Freigabe erforderlich";True;"Frei erhältlich";False;"";"2023-07-24"
"Amtliche Vermessung";"av";"24.0";"VS";"Im Aufbau";False;"Im Aufbau";False;"";"2023-07-24"
"Amtliche Vermessung";"av";"24.0";"ZG";"Frei erhältlich";False;"Frei erhältlich";False;"";"2023-07-24"
"Amtliche Vermessung";"av";"24.0";"ZH";"Frei erhältlich";False;"Frei erhältlich";False;"";"2023-07-24"
"Fixpunkte (Kategorie 2)";"fixpunkte_v1_1";"1.1";"AG";"Frei erhältlich";False;"Frei erhältlich";False;"";"2023-07-24"
"Fixpunkte (Kategorie 2)";"fixpunkte_v1_1";"1.1";"AI";"Frei erhältlich";False;"Frei erhältlich";False;"";"2023-07-24"
"Fixpunkte (Kategorie 2)";"fixpunkte_v1_1";"1.1";"AR";"Frei erhältlich";False;"Frei erhältlich";False;"";"2023-07-24"
"Fixpunkte (Kategorie 2)";"fixpunkte_v1_1";"1.1";"BE";"Frei erhältlich";False;"Frei erhältlich";False;"";"2023-07-24"
"Fixpunkte (Kategorie 2)";"fixpunkte_v1_1";"1.1";"BL";"Frei erhältlich";False;"Frei erhältlich";False;"";"2023-07-24"
"Fixpunkte (Kategorie 2)";"fixpunkte_v1_1";"1.1";"BS";"Frei erhältlich";False;"Frei erhältlich";False;"";"2023-07-24"
"Fixpunkte (Kategorie 2)";"fixpunkte_v1_1";"1.1";"FL";"Frei erhältlich";False;"Frei erhältlich";False;"";"2023-07-24"
"Fixpunkte (Kategorie 2)";"fixpunkte_v1_1";"1.1";"FR";"Frei erhältlich";False;"Frei erhältlich";False;"";"2023-07-24"
"Fixpunkte (Kategorie 2)";"fixpunkte_v1_1";"1.1";"GE";"Frei erhältlich";False;"Frei erhältlich";False;"";"2023-07-24"
"Fixpunkte (Kategorie 2)";"fixpunkte_v1_1";"1.1";"GL";"Frei erhältlich";False;"Frei erhältlich";False;"";"2023-07-24"
"Fixpunkte (Kategorie 2)";"fixpunkte_v1_1";"1.1";"GR";"Frei erhältlich";False;"Frei erhältlich";False;"";"2023-07-24"
"Fixpunkte (Kategorie 2)";"fixpunkte_v1_1";"1.1";"JU";"Frei erhältlich";False;"Frei erhältlich";False;"";"2023-07-24"
"Fixpunkte (Kategorie 2)";"fixpunkte_v1_1";"1.1";"LU";"Frei erhältlich";False;"Frei erhältlich";False;"";"2023-07-24"
"Fixpunkte (Kategorie 2)";"fixpunkte_v1_1";"1.1";"NE";"Frei erhältlich";False;"Frei erhältlich";False;"";"2023-07-24"
"Fixpunkte (Kategorie 2)";"fixpunkte_v1_1";"1.1";"NW";"Frei erhältlich";False;"Frei erhältlich";False;"";"2023-07-24"
"Fixpunkte (Kategorie 2)";"fixpunkte_v1_1";"1.1";"OW";"Frei erhältlich";False;"Frei erhältlich";False;"";"2023-07-24"
"Fixpunkte (Kategorie 2)";"fixpunkte_v1_1";"1.1";"SG";"Frei erhältlich";False;"Frei erhältlich";False;"";"2023-07-24"
"Fixpunkte (Kategorie 2)";"fixpunkte_v1_1";"1.1";"SH";"Frei erhältlich";False;"Frei erhältlich";False;"";"2023-07-24"
"Fixpunkte (Kategorie 2)";"fixpunkte_v1_1";"1.1";"SO";"Frei erhältlich";False;"Frei erhältlich";False;"";"2023-07-24"
"Fixpunkte (Kategorie 2)";"fixpunkte_v1_1";"1.1";"SZ";"Frei erhältlich";False;"Frei erhältlich";False;"";"2023-07-24"
"Fixpunkte (Kategorie 2)";"fixpunkte_v1_1";"1.1";"TG";"Frei erhältlich";False;"Frei erhältlich";False;"";"2023-07-24"
"Fixpunkte (Kategorie 2)";"fixpunkte_v1_1";"1.1";"TI";"Frei erhältlich";False;"Frei erhältlich";False;"";"2023-07-24"
"Fixpunkte (Kategorie 2)";"fixpunkte_v1_1";"1.1";"UR";"Frei erhältlich";False;"Frei erhältlich";False;"";"2023-07-24"
"Fixpunkte (Kategorie 2)";"fixpunkte_v1_1";"1.1";"VD";"Frei erhältlich";False;"Frei erhältlich";False;"";"2023-07-24"
"Fixpunkte (Kategorie 2)";"fixpunkte_v1_1";"1.1";"VS";"Frei erhältlich";False;"Frei erhältlich";False;"";"2023-07-24"
"Fixpunkte (Kategorie 2)";"fixpunkte_v1_1";"1.1";"ZG";"Frei erhältlich";False;"Frei erhältlich";False;"";"2023-07-24"
"Fixpunkte (Kategorie 2)";"fixpunkte_v1_1";"1.1";"ZH";"Frei erhältlich";False;"Frei erhältlich";False;"";"2023-07-24"
"Fruchtfolgeflächen";"fruchtfolgeflaechen";"1.0";"AG";"Frei erhältlich";False;"Frei erhältlich";False;"";"2023-07-24"
"Fruchtfolgeflächen";"fruchtfolgeflaechen";"1.0";"AI";"Frei erhältlich";False;"Frei erhältlich";False;"";"2023-07-24"
"Fruchtfolgeflächen";"fruchtfolgeflaechen";"1.0";"BE";"Frei erhältlich";False;"Frei erhältlich";False;"";"2023-07-24"
"Fruchtfolgeflächen";"fruchtfolgeflaechen";"1.0";"BL";"Frei erhältlich";False;"Frei erhältlich";False;"";"2023-07-24"
"Fruchtfolgeflächen";"fruchtfolgeflaechen";"1.0";"BS";"Frei erhältlich";False;"Frei erhältlich";False;"";"2023-07-24"
"Fruchtfolgeflächen";"fruchtfolgeflaechen";"1.0";"FR";"Frei erhältlich";False;"Frei erhältlich";False;"";"2023-07-24"
"Fruchtfolgeflächen";"fruchtfolgeflaechen";"1.0";"GL";"Frei erhältlich";False;"Frei erhältlich";False;"";"2023-07-24"
"Fruchtfolgeflächen";"fruchtfolgeflaechen";"1.0";"JU";"Frei erhältlich";False;"Frei erhältlich";False;"";"2023-07-24"
"Fruchtfolgeflächen";"fruchtfolgeflaechen";"1.0";"LU";"Frei erhältlich";False;"Frei erhältlich";False;"";"2023-07-24"
"Fruchtfolgeflächen";"fruchtfolgeflaechen";"1.0";"NE";"Registrierung erforderlich";False;"Frei erhältlich";False;"";"2023-07-24"
"Fruchtfolgeflächen";"fruchtfolgeflaechen";"1.0";"NW";"Freigabe erforderlich";False;"Frei erhältlich";False;"";"2023-07-24"
"Fruchtfolgeflächen";"fruchtfolgeflaechen";"1.0";"OW";"Freigabe erforderlich";False;"Frei erhältlich";False;"";"2023-07-24"
"Fruchtfolgeflächen";"fruchtfolgeflaechen";"1.0";"SG";"Frei erhältlich";False;"Frei erhältlich";False;"";"2023-07-24"
"Fruchtfolgeflächen";"fruchtfolgeflaechen";"1.0";"SH";"Frei erhältlich";False;"Frei erhältlich";False;"";"2023-07-24"
"Fruchtfolgeflächen";"fruchtfolgeflaechen";"1.0";"SO";"Frei erhältlich";False;"Frei erhältlich";False;"";"2023-07-24"
"Fruchtfolgeflächen";"fruchtfolgeflaechen";"1.0";"SZ";"Frei erhältlich";False;"Frei erhältlich";False;"";"2023-07-24"
"Fruchtfolgeflächen";"fruchtfolgeflaechen";"1.0";"TG";"Frei erhältlich";False;"Frei erhältlich";False;"";"2023-07-24"
"Fruchtfolgeflächen";"fruchtfolgeflaechen";"1.0";"TI";"Frei erhältlich";False;"Frei erhältlich";False;"";"2023-07-24"
"Fruchtfolgeflächen";"fruchtfolgeflaechen";"1.0";"UR";"Frei erhältlich";False;"Frei erhältlich";False;"";"2023-07-24"
"Fruchtfolgeflächen";"fruchtfolgeflaechen";"1.0";"VD";"Freigabe erforderlich";False;"Frei erhältlich";False;"";"2023-07-24"
"Fruchtfolgeflächen";"fruchtfolgeflaechen";"1.0";"VS";"Frei erhältlich";False;"Frei erhältlich";False;"";"2023-07-24"
"Fruchtfolgeflächen";"fruchtfolgeflaechen";"1.0";"ZG";"Frei erhältlich";False;"Frei erhältlich";False;"";"2023-07-24"
"Fruchtfolgeflächen";"fruchtfolgeflaechen";"1.0";"ZH";"Frei erhältlich";False;"Frei erhältlich";False;"";"2023-07-24"
"Fruchtfolgeflächen";"";"";"AR";"keine Daten";"";"keine Daten";"";"";"2023-07-24"
"Fruchtfolgeflächen";"";"";"FL";"keine Daten";"";"keine Daten";"";"";"2023-07-24"
"Fruchtfolgeflächen";"";"";"GE";"keine Daten";"";"keine Daten";"";"";"2023-07-24"
"Fruchtfolgeflächen";"";"";"GR";"keine Daten";"";"keine Daten";"";"";"2023-07-24"
"Gefahrenkarten";"gefahrenkarten_v1_3";"1.3";"AG";"Frei erhältlich";False;"Frei erhältlich";False;"";"2023-07-24"
"Gefahrenkarten";"gefahrenkarten_v1_3";"1.3";"AI";"Frei erhältlich";False;"Frei erhältlich";False;"";"2023-07-24"
"Gefahrenkarten";"gefahrenkarten_v1_3";"1.3";"AR";"Freigabe erforderlich";False;"Frei erhältlich";False;"";"2023-07-24"
"Gefahrenkarten";"gefahrenkarten_v1_3";"1.3";"BE";"Frei erhältlich";False;"Frei erhältlich";False;"";"2023-07-24"
"Gefahrenkarten";"gefahrenkarten_v1_3";"1.3";"BL";"Frei erhältlich";False;"Frei erhältlich";False;"";"2023-07-24"
"Gefahrenkarten";"gefahrenkarten_v1_3";"1.3";"FL";"Freigabe erforderlich";False;"Freigabe erforderlich";False;"";"2023-07-24"
"Gefahrenkarten";"gefahrenkarten_v1_3";"1.3";"FR";"Frei erhältlich";False;"Frei erhältlich";False;"";"2023-07-24"
"Gefahrenkarten";"gefahrenkarten_v1_3";"1.3";"GE";"Frei erhältlich";False;"Frei erhältlich";False;"";"2023-07-24"
"Gefahrenkarten";"gefahrenkarten_v1_3";"1.3";"GL";"Frei erhältlich";False;"Frei erhältlich";False;"";"2023-07-24"
"Gefahrenkarten";"gefahrenkarten_v1_3";"1.3";"JU";"Frei erhältlich";False;"Frei erhältlich";False;"";"2023-07-24"
"Gefahrenkarten";"gefahrenkarten_v1_3";"1.3";"LU";"Frei erhältlich";False;"Frei erhältlich";False;"";"2023-07-24"
"Gefahrenkarten";"gefahrenkarten_v1_3";"1.3";"NE";"Freigabe erforderlich";True;"Frei erhältlich";False;"";"2023-07-24"
"Gefahrenkarten";"gefahrenkarten_v1_3";"1.3";"NW";"Freigabe erforderlich";False;"Frei erhältlich";False;"";"2023-07-24"
"Gefahrenkarten";"gefahrenkarten_v1_3";"1.3";"OW";"Im Aufbau";False;"Im Aufbau";False;"";"2023-07-24"
"Gefahrenkarten";"gefahrenkarten_v1_3";"1.3";"SG";"Frei erhältlich";False;"Frei erhältlich";False;"";"2023-07-24"
"Gefahrenkarten";"gefahrenkarten_v1_3";"1.3";"SH";"Frei erhältlich";False;"Frei erhältlich";False;"";"2023-07-24"
"Gefahrenkarten";"gefahrenkarten_v1_3";"1.3";"SO";"Frei erhältlich";False;"Frei erhältlich";False;"";"2023-07-24"
"Gefahrenkarten";"gefahrenkarten_v1_3";"1.3";"SZ";"Frei erhältlich";False;"Frei erhältlich";False;"";"2023-07-24"
"Gefahrenkarten";"gefahrenkarten_v1_3";"1.3";"TG";"Frei erhältlich";False;"Frei erhältlich";False;"";"2023-07-24"
"Gefahrenkarten";"gefahrenkarten_v1_3";"1.3";"TI";"Frei erhältlich";False;"Frei erhältlich";False;"";"2023-07-24"
"Gefahrenkarten";"gefahrenkarten_v1_3";"1.3";"UR";"Freigabe erforderlich";True;"Freigabe erforderlich";False;"";"2023-07-24"
"Gefahrenkarten";"gefahrenkarten_v1_3";"1.3";"VD";"Freigabe erforderlich";True;"Frei erhältlich";False;"";"2023-07-24"
"Gefahrenkarten";"gefahrenkarten_v1_3";"1.3";"VS";"Frei erhältlich";False;"Frei erhältlich";False;"";"2023-07-24"
"Gefahrenkarten";"gefahrenkarten_v1_3";"1.3";"ZG";"Frei erhältlich";False;"Frei erhältlich";False;"";"2023-07-24"
"Gefahrenkarten";"gefahrenkarten_v1_3";"1.3";"ZH";"Frei erhältlich";False;"Frei erhältlich";False;"";"2023-07-24"
"Gefahrenkarten";"";"";"BS";"keine Daten";"";"keine Daten";"";"";"2023-07-24"
"Gefahrenkarten";"";"";"GR";"keine Daten";"";"keine Daten";"";"";"2023-07-24"
"Kantonale Ausnahmetransportrouten";"kantonale_ausnahmetransportrouten";"1.0";"AG";"Frei erhältlich";False;"Frei erhältlich";False;"";"2023-07-24"
"Kantonale Ausnahmetransportrouten";"kantonale_ausnahmetransportrouten";"1.0";"AI";"keine Daten";False;"keine Daten";False;"";"2023-07-24"
"Kantonale Ausnahmetransportrouten";"kantonale_ausnahmetransportrouten";"1.0";"AR";"keine Daten";False;"keine Daten";False;"";"2023-07-24"
"Kantonale Ausnahmetransportrouten";"kantonale_ausnahmetransportrouten";"1.0";"BE";"Frei erhältlich";False;"Frei erhältlich";False;"";"2023-07-24"
"Kantonale Ausnahmetransportrouten";"kantonale_ausnahmetransportrouten";"1.0";"BL";"Frei erhältlich";False;"Frei erhältlich";False;"";"2023-07-24"
"Kantonale Ausnahmetransportrouten";"kantonale_ausnahmetransportrouten";"1.0";"BS";"Frei erhältlich";False;"Frei erhältlich";False;"";"2023-07-24"
"Kantonale Ausnahmetransportrouten";"kantonale_ausnahmetransportrouten";"1.0";"FL";"keine Daten";"";"keine Daten";"";"";"2023-07-24"
"Kantonale Ausnahmetransportrouten";"kantonale_ausnahmetransportrouten";"1.0";"FR";"Frei erhältlich";False;"Frei erhältlich";False;"";"2023-07-24"
"Kantonale Ausnahmetransportrouten";"kantonale_ausnahmetransportrouten";"1.0";"GE";"Frei erhältlich";False;"Frei erhältlich";False;"";"2023-07-24"
"Kantonale Ausnahmetransportrouten";"kantonale_ausnahmetransportrouten";"1.0";"GL";"Frei erhältlich";False;"Frei erhältlich";False;"";"2023-07-24"
"Kantonale Ausnahmetransportrouten";"kantonale_ausnahmetransportrouten";"1.0";"JU";"Frei erhältlich";False;"Frei erhältlich";False;"";"2023-07-24"
"Kantonale Ausnahmetransportrouten";"kantonale_ausnahmetransportrouten";"1.0";"LU";"Frei erhältlich";False;"Frei erhältlich";False;"";"2023-07-24"
"Kantonale Ausnahmetransportrouten";"kantonale_ausnahmetransportrouten";"1.0";"NE";"Registrierung erforderlich";False;"Frei erhältlich";False;"";"2023-07-24"
"Kantonale Ausnahmetransportrouten";"kantonale_ausnahmetransportrouten";"1.0";"NW";"Freigabe erforderlich";False;"Frei erhältlich";False;"";"2023-07-24"
"Kantonale Ausnahmetransportrouten";"kantonale_ausnahmetransportrouten";"1.0";"OW";"Freigabe erforderlich";False;"Frei erhältlich";False;"";"2023-07-24"
"Kantonale Ausnahmetransportrouten";"kantonale_ausnahmetransportrouten";"1.0";"SG";"Frei erhältlich";False;"Frei erhältlich";False;"";"2023-07-24"
"Kantonale Ausnahmetransportrouten";"kantonale_ausnahmetransportrouten";"1.0";"SH";"Frei erhältlich";False;"Frei erhältlich";False;"";"2023-07-24"
"Kantonale Ausnahmetransportrouten";"kantonale_ausnahmetransportrouten";"1.0";"SO";"Frei erhältlich";False;"Frei erhältlich";False;"";"2023-07-24"
"Kantonale Ausnahmetransportrouten";"kantonale_ausnahmetransportrouten";"1.0";"SZ";"Frei erhältlich";False;"Frei erhältlich";False;"";"2023-07-24"
"Kantonale Ausnahmetransportrouten";"kantonale_ausnahmetransportrouten";"1.0";"TG";"Frei erhältlich";False;"Frei erhältlich";False;"";"2023-07-24"
"Kantonale Ausnahmetransportrouten";"kantonale_ausnahmetransportrouten";"1.0";"TI";"Frei erhältlich";False;"Frei erhältlich";False;"";"2023-07-24"
"Kantonale Ausnahmetransportrouten";"kantonale_ausnahmetransportrouten";"1.0";"UR";"keine Daten";False;"keine Daten";False;"";"2023-07-24"
"Kantonale Ausnahmetransportrouten";"kantonale_ausnahmetransportrouten";"1.0";"VD";"Freigabe erforderlich";True;"Frei erhältlich";False;"";"2023-07-24"
"Kantonale Ausnahmetransportrouten";"kantonale_ausnahmetransportrouten";"1.0";"VS";"Frei erhältlich";False;"Frei erhältlich";False;"";"2023-07-24"
"Kantonale Ausnahmetransportrouten";"kantonale_ausnahmetransportrouten";"1.0";"ZG";"Frei erhältlich";False;"Frei erhältlich";False;"";"2023-07-24"
"Kantonale Ausnahmetransportrouten";"kantonale_ausnahmetransportrouten";"1.0";"ZH";"Frei erhältlich";False;"Frei erhältlich";False;"";"2023-07-24"
"Kantonale Ausnahmetransportrouten";"";"";"GR";"keine Daten";"";"keine Daten";"";"";"2023-07-24"
"Kataster der belasteten Standorte";"kataster_belasteter_standorte";"";"FL";"keine Daten";"";"keine Daten";"";"";"2023-07-24"
"Kataster der belasteten Standorte";"kataster_belasteter_standorte_v1_4";"1.4";"AI";"Frei erhältlich";False;"Frei erhältlich";False;"";"2023-07-24"
"Kataster der belasteten Standorte";"kataster_belasteter_standorte_v1_4";"1.4";"GE";"Frei erhältlich";False;"Frei erhältlich";False;"";"2023-07-24"
"Kataster der belasteten Standorte";"kataster_belasteter_standorte_v1_4";"1.4";"GL";"Frei erhältlich";False;"Frei erhältlich";False;"";"2023-07-24"
"Kataster der belasteten Standorte";"kataster_belasteter_standorte_v1_4";"1.4";"NE";"Registrierung erforderlich";False;"Frei erhältlich";False;"";"2023-07-24"
"Kataster der belasteten Standorte";"kataster_belasteter_standorte_v1_4";"1.4";"SO";"Frei erhältlich";False;"Frei erhältlich";False;"";"2023-07-24"
"Kataster der belasteten Standorte";"kataster_belasteter_standorte_v1_5";"1.5";"AG";"Frei erhältlich";False;"Frei erhältlich";False;"";"2023-07-24"
"Kataster der belasteten Standorte";"kataster_belasteter_standorte_v1_5";"1.5";"AR";"Freigabe erforderlich";False;"Frei erhältlich";False;"";"2023-07-24"
"Kataster der belasteten Standorte";"kataster_belasteter_standorte_v1_5";"1.5";"BE";"Frei erhältlich";False;"Frei erhältlich";False;"";"2023-07-24"
"Kataster der belasteten Standorte";"kataster_belasteter_standorte_v1_5";"1.5";"BL";"Frei erhältlich";False;"Frei erhältlich";False;"";"2023-07-24"
"Kataster der belasteten Standorte";"kataster_belasteter_standorte_v1_5";"1.5";"BS";"Frei erhältlich";False;"Frei erhältlich";False;"";"2023-07-24"
"Kataster der belasteten Standorte";"kataster_belasteter_standorte_v1_5";"1.5";"FR";"Frei erhältlich";False;"Frei erhältlich";False;"";"2023-07-24"
"Kataster der belasteten Standorte";"kataster_belasteter_standorte_v1_5";"1.5";"GR";"Frei erhältlich";False;"Frei erhältlich";False;"";"2023-07-24"
"Kataster der belasteten Standorte";"kataster_belasteter_standorte_v1_5";"1.5";"JU";"Frei erhältlich";False;"Frei erhältlich";False;"";"2023-07-24"
"Kataster der belasteten Standorte";"kataster_belasteter_standorte_v1_5";"1.5";"LU";"Frei erhältlich";False;"Frei erhältlich";False;"";"2023-07-24"
"Kataster der belasteten Standorte";"kataster_belasteter_standorte_v1_5";"1.5";"NW";"Freigabe erforderlich";False;"Frei erhältlich";False;"";"2023-07-24"
"Kataster der belasteten Standorte";"kataster_belasteter_standorte_v1_5";"1.5";"OW";"Freigabe erforderlich";False;"Frei erhältlich";False;"";"2023-07-24"
"Kataster der belasteten Standorte";"kataster_belasteter_standorte_v1_5";"1.5";"SG";"Frei erhältlich";False;"Frei erhältlich";False;"";"2023-07-24"
"Kataster der belasteten Standorte";"kataster_belasteter_standorte_v1_5";"1.5";"SH";"Frei erhältlich";False;"Frei erhältlich";False;"";"2023-07-24"
"Kataster der belasteten Standorte";"kataster_belasteter_standorte_v1_5";"1.5";"SZ";"Frei erhältlich";False;"Frei erhältlich";False;"";"2023-07-24"
"Kataster der belasteten Standorte";"kataster_belasteter_standorte_v1_5";"1.5";"TG";"Frei erhältlich";False;"Frei erhältlich";False;"";"2023-07-24"
"Kataster der belasteten Standorte";"kataster_belasteter_standorte_v1_5";"1.5";"TI";"Frei erhältlich";False;"Frei erhältlich";False;"";"2023-07-24"
"Kataster der belasteten Standorte";"kataster_belasteter_standorte_v1_5";"1.5";"UR";"Frei erhältlich";False;"Frei erhältlich";False;"";"2023-07-24"
"Kataster der belasteten Standorte";"kataster_belasteter_standorte_v1_5";"1.5";"VD";"Freigabe erforderlich";False;"Frei erhältlich";False;"";"2023-07-24"
"Kataster der belasteten Standorte";"kataster_belasteter_standorte_v1_5";"1.5";"VS";"Frei erhältlich";False;"Frei erhältlich";False;"";"2023-07-24"
"Kataster der belasteten Standorte";"kataster_belasteter_standorte_v1_5";"1.5";"ZG";"Frei erhältlich";False;"Frei erhältlich";False;"";"2023-07-24"
"Kataster der belasteten Standorte";"kataster_belasteter_standorte_v1_5";"1.5";"ZH";"Frei erhältlich";False;"Frei erhältlich";False;"";"2023-07-24"
"Leitungskataster";"leitungskataster_v2_0";"2.0";"LU";"Freigabe erforderlich";True;"Freigabe erforderlich";True;"";"2023-07-24"
"Leitungskataster";"leitungskataster_v2_0";"2.0";"SH";"Im Aufbau";False;"Im Aufbau";False;"";"2023-07-24"
"Leitungskataster";"leitungskataster_v2_0";"2.0";"SO";"keine Daten";False;"keine Daten";False;"";"2023-07-24"
"Leitungskataster";"leitungskataster_v2_0";"2.0";"TG";"Freigabe erforderlich";False;"Freigabe erforderlich";False;"";"2023-07-24"
"Leitungskataster";"";"";"AG";"keine Daten";"";"keine Daten";"";"";"2023-07-24"
"Leitungskataster";"";"";"AI";"keine Daten";"";"keine Daten";"";"";"2023-07-24"
"Leitungskataster";"";"";"AR";"keine Daten";"";"keine Daten";"";"";"2023-07-24"
"Leitungskataster";"";"";"BE";"keine Daten";"";"keine Daten";"";"";"2023-07-24"
"Leitungskataster";"";"";"BL";"keine Daten";"";"keine Daten";"";"";"2023-07-24"
"Leitungskataster";"";"";"BS";"keine Daten";"";"keine Daten";"";"";"2023-07-24"
"Leitungskataster";"";"";"FL";"keine Daten";"";"keine Daten";"";"";"2023-07-24"
"Leitungskataster";"";"";"FR";"keine Daten";"";"keine Daten";"";"";"2023-07-24"
"Leitungskataster";"";"";"GE";"keine Daten";"";"keine Daten";"";"";"2023-07-24"
"Leitungskataster";"";"";"GL";"keine Daten";"";"keine Daten";"";"";"2023-07-24"
"Leitungskataster";"";"";"GR";"keine Daten";"";"keine Daten";"";"";"2023-07-24"
"Leitungskataster";"";"";"JU";"keine Daten";"";"keine Daten";"";"";"2023-07-24"
"Leitungskataster";"";"";"NE";"keine Daten";"";"keine Daten";"";"";"2023-07-24"
"Leitungskataster";"";"";"NW";"keine Daten";"";"keine Daten";"";"";"2023-07-24"
"Leitungskataster";"";"";"OW";"keine Daten";"";"keine Daten";"";"";"2023-07-24"
"Leitungskataster";"";"";"SG";"keine Daten";"";"keine Daten";"";"";"2023-07-24"
"Leitungskataster";"";"";"SZ";"keine Daten";"";"keine Daten";"";"";"2023-07-24"
"Leitungskataster";"";"";"TI";"keine Daten";"";"keine Daten";"";"";"2023-07-24"
"Leitungskataster";"";"";"VD";"keine Daten";"";"keine Daten";"";"";"2023-07-24"
"Leitungskataster";"";"";"VS";"keine Daten";"";"keine Daten";"";"";"2023-07-24"
"Leitungskataster";"";"";"ZG";"keine Daten";"";"keine Daten";"";"";"2023-07-24"
"Leitungskataster";"";"";"ZH";"keine Daten";"";"keine Daten";"";"";"2023-07-24"
"Landw. Bewirtschaftung: Bewirtschaftungseinheit";"lwb_bewirtschaftungseinheit";"1.3";"AG";"Frei erhältlich";False;"Frei erhältlich";False;"";"2023-07-24"
"Landw. Bewirtschaftung: Bewirtschaftungseinheit";"lwb_bewirtschaftungseinheit";"1.3";"AI";"Frei erhältlich";False;"Frei erhältlich";False;"";"2023-07-24"
"Landw. Bewirtschaftung: Bewirtschaftungseinheit";"lwb_bewirtschaftungseinheit";"1.3";"AR";"Freigabe erforderlich";False;"Frei erhältlich";False;"";"2023-07-24"
"Landw. Bewirtschaftung: Bewirtschaftungseinheit";"lwb_bewirtschaftungseinheit";"1.3";"BE";"Frei erhältlich";False;"Frei erhältlich";False;"";"2023-07-24"
"Landw. Bewirtschaftung: Bewirtschaftungseinheit";"lwb_bewirtschaftungseinheit";"1.3";"BL";"Frei erhältlich";False;"Frei erhältlich";False;"";"2023-07-24"
"Landw. Bewirtschaftung: Bewirtschaftungseinheit";"lwb_bewirtschaftungseinheit";"1.3";"BS";"Frei erhältlich";False;"Frei erhältlich";False;"";"2023-07-24"
"Landw. Bewirtschaftung: Bewirtschaftungseinheit";"lwb_bewirtschaftungseinheit";"1.3";"FL";"keine Daten";"";"keine Daten";"";"";"2023-07-24"
"Landw. Bewirtschaftung: Bewirtschaftungseinheit";"lwb_bewirtschaftungseinheit";"1.3";"FR";"Frei erhältlich";False;"Frei erhältlich";False;"";"2023-07-24"
"Landw. Bewirtschaftung: Bewirtschaftungseinheit";"lwb_bewirtschaftungseinheit";"1.3";"GE";"Frei erhältlich";False;"Frei erhältlich";False;"";"2023-07-24"
"Landw. Bewirtschaftung: Bewirtschaftungseinheit";"lwb_bewirtschaftungseinheit";"1.3";"GL";"Frei erhältlich";False;"Frei erhältlich";False;"";"2023-07-24"
"Landw. Bewirtschaftung: Bewirtschaftungseinheit";"lwb_bewirtschaftungseinheit";"1.3";"JU";"Frei erhältlich";False;"Frei erhältlich";False;"";"2023-07-24"
"Landw. Bewirtschaftung: Bewirtschaftungseinheit";"lwb_bewirtschaftungseinheit";"1.3";"LU";"Frei erhältlich";False;"Frei erhältlich";False;"";"2023-07-24"
"Landw. Bewirtschaftung: Bewirtschaftungseinheit";"lwb_bewirtschaftungseinheit";"1.3";"NE";"Registrierung erforderlich";False;"Frei erhältlich";False;"";"2023-07-24"
"Landw. Bewirtschaftung: Bewirtschaftungseinheit";"lwb_bewirtschaftungseinheit";"1.3";"NW";"Freigabe erforderlich";False;"Frei erhältlich";False;"";"2023-07-24"
"Landw. Bewirtschaftung: Bewirtschaftungseinheit";"lwb_bewirtschaftungseinheit";"1.3";"OW";"Freigabe erforderlich";False;"Frei erhältlich";False;"";"2023-07-24"
"Landw. Bewirtschaftung: Bewirtschaftungseinheit";"lwb_bewirtschaftungseinheit";"1.3";"SG";"Frei erhältlich";False;"Frei erhältlich";False;"";"2023-07-24"
"Landw. Bewirtschaftung: Bewirtschaftungseinheit";"lwb_bewirtschaftungseinheit";"1.3";"SH";"Frei erhältlich";False;"Frei erhältlich";False;"";"2023-07-24"
"Landw. Bewirtschaftung: Bewirtschaftungseinheit";"lwb_bewirtschaftungseinheit";"1.3";"SO";"Frei erhältlich";False;"Frei erhältlich";False;"";"2023-07-24"
"Landw. Bewirtschaftung: Bewirtschaftungseinheit";"lwb_bewirtschaftungseinheit";"1.3";"SZ";"Frei erhältlich";False;"Frei erhältlich";False;"";"2023-07-24"
"Landw. Bewirtschaftung: Bewirtschaftungseinheit";"lwb_bewirtschaftungseinheit";"1.3";"TG";"Frei erhältlich";False;"Frei erhältlich";False;"";"2023-07-24"
"Landw. Bewirtschaftung: Bewirtschaftungseinheit";"lwb_bewirtschaftungseinheit";"1.3";"TI";"Registrierung erforderlich";False;"Registrierung erforderlich";False;"";"2023-07-24"
"Landw. Bewirtschaftung: Bewirtschaftungseinheit";"lwb_bewirtschaftungseinheit";"1.3";"UR";"Frei erhältlich";False;"Frei erhältlich";False;"";"2023-07-24"
"Landw. Bewirtschaftung: Bewirtschaftungseinheit";"lwb_bewirtschaftungseinheit";"1.3";"VD";"Freigabe erforderlich";False;"Frei erhältlich";False;"";"2023-07-24"
"Landw. Bewirtschaftung: Bewirtschaftungseinheit";"lwb_bewirtschaftungseinheit";"1.3";"VS";"Frei erhältlich";False;"Frei erhältlich";False;"";"2023-07-24"
"Landw. Bewirtschaftung: Bewirtschaftungseinheit";"lwb_bewirtschaftungseinheit";"1.3";"ZG";"Frei erhältlich";False;"Frei erhältlich";False;"";"2023-07-24"
"Landw. Bewirtschaftung: Bewirtschaftungseinheit";"lwb_bewirtschaftungseinheit";"1.3";"ZH";"Frei erhältlich";False;"Frei erhältlich";False;"";"2023-07-24"
"Landw. Bewirtschaftung: Bewirtschaftungseinheit";"lwb_bewirtschaftungseinheit_v2_0";"2.0";"GR";"Frei erhältlich";False;"Frei erhältlich";False;"";"2023-07-24"
"Landw. Bewirtschaftung: Biodiversitätsförderflächen, Qualitätsstufe II und Vernetzung";"lwb_biodiversitaetsfoerderflaechen";"1.4";"AG";"Frei erhältlich";False;"Frei erhältlich";False;"";"2023-07-24"
"Landw. Bewirtschaftung: Biodiversitätsförderflächen, Qualitätsstufe II und Vernetzung";"lwb_biodiversitaetsfoerderflaechen";"1.4";"AI";"Frei erhältlich";False;"Frei erhältlich";False;"";"2023-07-24"
"Landw. Bewirtschaftung: Biodiversitätsförderflächen, Qualitätsstufe II und Vernetzung";"lwb_biodiversitaetsfoerderflaechen";"1.4";"AR";"Freigabe erforderlich";False;"Frei erhältlich";False;"";"2023-07-24"
"Landw. Bewirtschaftung: Biodiversitätsförderflächen, Qualitätsstufe II und Vernetzung";"lwb_biodiversitaetsfoerderflaechen";"1.4";"BE";"Frei erhältlich";False;"Frei erhältlich";False;"";"2023-07-24"
"Landw. Bewirtschaftung: Biodiversitätsförderflächen, Qualitätsstufe II und Vernetzung";"lwb_biodiversitaetsfoerderflaechen";"1.4";"BL";"Frei erhältlich";False;"Frei erhältlich";False;"";"2023-07-24"
"Landw. Bewirtschaftung: Biodiversitätsförderflächen, Qualitätsstufe II und Vernetzung";"lwb_biodiversitaetsfoerderflaechen";"1.4";"BS";"Frei erhältlich";False;"Frei erhältlich";False;"";"2023-07-24"
"Landw. Bewirtschaftung: Biodiversitätsförderflächen, Qualitätsstufe II und Vernetzung";"lwb_biodiversitaetsfoerderflaechen";"1.4";"FL";"keine Daten";"";"keine Daten";"";"";"2023-07-24"
"Landw. Bewirtschaftung: Biodiversitätsförderflächen, Qualitätsstufe II und Vernetzung";"lwb_biodiversitaetsfoerderflaechen";"1.4";"FR";"Frei erhältlich";False;"Frei erhältlich";False;"";"2023-07-24"
"Landw. Bewirtschaftung: Biodiversitätsförderflächen, Qualitätsstufe II und Vernetzung";"lwb_biodiversitaetsfoerderflaechen";"1.4";"GE";"Frei erhältlich";False;"Frei erhältlich";False;"";"2023-07-24"
"Landw. Bewirtschaftung: Biodiversitätsförderflächen, Qualitätsstufe II und Vernetzung";"lwb_biodiversitaetsfoerderflaechen";"1.4";"GL";"Frei erhältlich";False;"Frei erhältlich";False;"";"2023-07-24"
"Landw. Bewirtschaftung: Biodiversitätsförderflächen, Qualitätsstufe II und Vernetzung";"lwb_biodiversitaetsfoerderflaechen";"1.4";"JU";"Frei erhältlich";False;"Frei erhältlich";False;"";"2023-07-24"
"Landw. Bewirtschaftung: Biodiversitätsförderflächen, Qualitätsstufe II und Vernetzung";"lwb_biodiversitaetsfoerderflaechen";"1.4";"LU";"Frei erhältlich";False;"Frei erhältlich";False;"";"2023-07-24"
"Landw. Bewirtschaftung: Biodiversitätsförderflächen, Qualitätsstufe II und Vernetzung";"lwb_biodiversitaetsfoerderflaechen";"1.4";"NE";"Registrierung erforderlich";False;"Frei erhältlich";False;"";"2023-07-24"
"Landw. Bewirtschaftung: Biodiversitätsförderflächen, Qualitätsstufe II und Vernetzung";"lwb_biodiversitaetsfoerderflaechen";"1.4";"NW";"Freigabe erforderlich";False;"Frei erhältlich";False;"";"2023-07-24"
"Landw. Bewirtschaftung: Biodiversitätsförderflächen, Qualitätsstufe II und Vernetzung";"lwb_biodiversitaetsfoerderflaechen";"1.4";"OW";"Freigabe erforderlich";False;"Frei erhältlich";False;"";"2023-07-24"
"Landw. Bewirtschaftung: Biodiversitätsförderflächen, Qualitätsstufe II und Vernetzung";"lwb_biodiversitaetsfoerderflaechen";"1.4";"SG";"Frei erhältlich";False;"Frei erhältlich";False;"";"2023-07-24"
"Landw. Bewirtschaftung: Biodiversitätsförderflächen, Qualitätsstufe II und Vernetzung";"lwb_biodiversitaetsfoerderflaechen";"1.4";"SH";"Frei erhältlich";False;"Frei erhältlich";False;"";"2023-07-24"
"Landw. Bewirtschaftung: Biodiversitätsförderflächen, Qualitätsstufe II und Vernetzung";"lwb_biodiversitaetsfoerderflaechen";"1.4";"SO";"Frei erhältlich";False;"Frei erhältlich";False;"";"2023-07-24"
"Landw. Bewirtschaftung: Biodiversitätsförderflächen, Qualitätsstufe II und Vernetzung";"lwb_biodiversitaetsfoerderflaechen";"1.4";"SZ";"Frei erhältlich";False;"Frei erhältlich";False;"";"2023-07-24"
"Landw. Bewirtschaftung: Biodiversitätsförderflächen, Qualitätsstufe II und Vernetzung";"lwb_biodiversitaetsfoerderflaechen";"1.4";"TG";"Frei erhältlich";False;"Frei erhältlich";False;"";"2023-07-24"
"Landw. Bewirtschaftung: Biodiversitätsförderflächen, Qualitätsstufe II und Vernetzung";"lwb_biodiversitaetsfoerderflaechen";"1.4";"TI";"Registrierung erforderlich";False;"Registrierung erforderlich";False;"";"2023-07-24"
"Landw. Bewirtschaftung: Biodiversitätsförderflächen, Qualitätsstufe II und Vernetzung";"lwb_biodiversitaetsfoerderflaechen";"1.4";"UR";"Frei erhältlich";False;"Frei erhältlich";False;"";"2023-07-24"
"Landw. Bewirtschaftung: Biodiversitätsförderflächen, Qualitätsstufe II und Vernetzung";"lwb_biodiversitaetsfoerderflaechen";"1.4";"VD";"Freigabe erforderlich";False;"Frei erhältlich";False;"";"2023-07-24"
"Landw. Bewirtschaftung: Biodiversitätsförderflächen, Qualitätsstufe II und Vernetzung";"lwb_biodiversitaetsfoerderflaechen";"1.4";"VS";"Frei erhältlich";False;"Frei erhältlich";False;"";"2023-07-24"
"Landw. Bewirtschaftung: Biodiversitätsförderflächen, Qualitätsstufe II und Vernetzung";"lwb_biodiversitaetsfoerderflaechen";"1.4";"ZG";"Frei erhältlich";False;"Frei erhältlich";False;"";"2023-07-24"
"Landw. Bewirtschaftung: Biodiversitätsförderflächen, Qualitätsstufe II und Vernetzung";"lwb_biodiversitaetsfoerderflaechen";"1.4";"ZH";"Frei erhältlich";False;"Frei erhältlich";False;"";"2023-07-24"
"Landw. Bewirtschaftung: Biodiversitätsförderflächen, Qualitätsstufe II und Vernetzung";"lwb_biodiversitaetsfoerderflaechen_v2_0";"2.0";"GR";"Frei erhältlich";False;"Frei erhältlich";False;"";"2023-07-24"
"Landw. Bewirtschaftung: Elemente mit Landschaftsqualität";"lwb_elemente_mit_landschaftsqualitaet";"1.3";"AG";"keine Daten";False;"keine Daten";False;"";"2023-07-24"
"Landw. Bewirtschaftung: Elemente mit Landschaftsqualität";"lwb_elemente_mit_landschaftsqualitaet";"1.3";"AI";"keine Daten";"";"keine Daten";"";"";"2023-07-24"
"Landw. Bewirtschaftung: Elemente mit Landschaftsqualität";"lwb_elemente_mit_landschaftsqualitaet";"1.3";"BE";"keine Daten";"";"keine Daten";"";"";"2023-07-24"
"Landw. Bewirtschaftung: Elemente mit Landschaftsqualität";"lwb_elemente_mit_landschaftsqualitaet";"1.3";"BL";"keine Daten";"";"keine Daten";"";"";"2023-07-24"
"Landw. Bewirtschaftung: Elemente mit Landschaftsqualität";"lwb_elemente_mit_landschaftsqualitaet";"1.3";"FL";"keine Daten";"";"keine Daten";"";"";"2023-07-24"
"Landw. Bewirtschaftung: Elemente mit Landschaftsqualität";"lwb_elemente_mit_landschaftsqualitaet";"1.3";"GR";"Frei erhältlich";False;"Frei erhältlich";False;"";"2023-07-24"
"Landw. Bewirtschaftung: Elemente mit Landschaftsqualität";"lwb_elemente_mit_landschaftsqualitaet";"1.3";"LU";"keine Daten";"";"keine Daten";"";"";"2023-07-24"
"Landw. Bewirtschaftung: Elemente mit Landschaftsqualität";"lwb_elemente_mit_landschaftsqualitaet";"1.3";"NW";"keine Daten";False;"keine Daten";False;"";"2023-07-24"
"Landw. Bewirtschaftung: Elemente mit Landschaftsqualität";"lwb_elemente_mit_landschaftsqualitaet";"1.3";"OW";"keine Daten";False;"keine Daten";False;"";"2023-07-24"
"Landw. Bewirtschaftung: Elemente mit Landschaftsqualität";"lwb_elemente_mit_landschaftsqualitaet";"1.3";"SH";"keine Daten";"";"keine Daten";"";"";"2023-07-24"
"Landw. Bewirtschaftung: Elemente mit Landschaftsqualität";"lwb_elemente_mit_landschaftsqualitaet";"1.3";"SO";"keine Daten";"";"keine Daten";"";"";"2023-07-24"
"Landw. Bewirtschaftung: Elemente mit Landschaftsqualität";"lwb_elemente_mit_landschaftsqualitaet";"1.3";"SZ";"keine Daten";"";"keine Daten";"";"";"2023-07-24"
"Landw. Bewirtschaftung: Elemente mit Landschaftsqualität";"lwb_elemente_mit_landschaftsqualitaet";"1.3";"TG";"Frei erhältlich";False;"Frei erhältlich";False;"";"2023-07-24"
"Landw. Bewirtschaftung: Elemente mit Landschaftsqualität";"lwb_elemente_mit_landschaftsqualitaet";"1.3";"VS";"keine Daten";"";"keine Daten";"";"";"2023-07-24"
"Landw. Bewirtschaftung: Elemente mit Landschaftsqualität";"lwb_elemente_mit_landschaftsqualitaet";"1.3";"ZG";"keine Daten";"";"keine Daten";"";"";"2023-07-24"
"Landw. Bewirtschaftung: Elemente mit Landschaftsqualität";"";"";"GE";"keine Daten";"";"keine Daten";"";"";"2023-07-24"
"Landw. Bewirtschaftung: Elemente mit Landschaftsqualität";"";"";"GL";"keine Daten";"";"keine Daten";"";"";"2023-07-24"
"Landw. Bewirtschaftung: Elemente mit Landschaftsqualität";"";"";"JU";"keine Daten";"";"keine Daten";"";"";"2023-07-24"
"Landw. Bewirtschaftung: Elemente mit Landschaftsqualität";"";"";"SG";"keine Daten";"";"keine Daten";"";"";"2023-07-24"
"Landw. Bewirtschaftung: Elemente mit Landschaftsqualität";"";"";"TI";"keine Daten";"";"keine Daten";"";"";"2023-07-24"
"Landw. Bewirtschaftung: Elemente mit Landschaftsqualität";"";"";"UR";"keine Daten";"";"keine Daten";"";"";"2023-07-24"
"Landw. Bewirtschaftung: Elemente mit Landschaftsqualität";"";"";"VD";"keine Daten";"";"keine Daten";"";"";"2023-07-24"
"Landw. Bewirtschaftung: Elemente mit Landschaftsqualität";"";"";"ZH";"keine Daten";"";"keine Daten";"";"";"2023-07-24"
"Landw. Bewirtschaftung: Nutzungsflächen";"lwb_nutzungsflaechen";"1.4";"AG";"Frei erhältlich";False;"Frei erhältlich";False;"";"2023-07-24"
"Landw. Bewirtschaftung: Nutzungsflächen";"lwb_nutzungsflaechen";"1.4";"AI";"Frei erhältlich";False;"Frei erhältlich";False;"";"2023-07-24"
"Landw. Bewirtschaftung: Nutzungsflächen";"lwb_nutzungsflaechen";"1.4";"AR";"Freigabe erforderlich";False;"Frei erhältlich";False;"";"2023-07-24"
"Landw. Bewirtschaftung: Nutzungsflächen";"lwb_nutzungsflaechen";"1.4";"BE";"Frei erhältlich";False;"Frei erhältlich";False;"";"2023-07-24"
"Landw. Bewirtschaftung: Nutzungsflächen";"lwb_nutzungsflaechen";"1.4";"BL";"Frei erhältlich";False;"Frei erhältlich";False;"";"2023-07-24"
"Landw. Bewirtschaftung: Nutzungsflächen";"lwb_nutzungsflaechen";"1.4";"BS";"Frei erhältlich";False;"Frei erhältlich";False;"";"2023-07-24"
"Landw. Bewirtschaftung: Nutzungsflächen";"lwb_nutzungsflaechen";"1.4";"FL";"keine Daten";"";"keine Daten";"";"";"2023-07-24"
"Landw. Bewirtschaftung: Nutzungsflächen";"lwb_nutzungsflaechen";"1.4";"FR";"Frei erhältlich";False;"Frei erhältlich";False;"";"2023-07-24"
"Landw. Bewirtschaftung: Nutzungsflächen";"lwb_nutzungsflaechen";"1.4";"GE";"Frei erhältlich";False;"Frei erhältlich";False;"";"2023-07-24"
"Landw. Bewirtschaftung: Nutzungsflächen";"lwb_nutzungsflaechen";"1.4";"GL";"Frei erhältlich";False;"Frei erhältlich";False;"";"2023-07-24"
"Landw. Bewirtschaftung: Nutzungsflächen";"lwb_nutzungsflaechen";"1.4";"JU";"Frei erhältlich";False;"Frei erhältlich";False;"";"2023-07-24"
"Landw. Bewirtschaftung: Nutzungsflächen";"lwb_nutzungsflaechen";"1.4";"LU";"Frei erhältlich";False;"Frei erhältlich";False;"";"2023-07-24"
"Landw. Bewirtschaftung: Nutzungsflächen";"lwb_nutzungsflaechen";"1.4";"NE";"Registrierung erforderlich";False;"Frei erhältlich";False;"";"2023-07-24"
"Landw. Bewirtschaftung: Nutzungsflächen";"lwb_nutzungsflaechen";"1.4";"NW";"Freigabe erforderlich";False;"Frei erhältlich";False;"";"2023-07-24"
"Landw. Bewirtschaftung: Nutzungsflächen";"lwb_nutzungsflaechen";"1.4";"OW";"Freigabe erforderlich";False;"Frei erhältlich";False;"";"2023-07-24"
"Landw. Bewirtschaftung: Nutzungsflächen";"lwb_nutzungsflaechen";"1.4";"SG";"Frei erhältlich";False;"Frei erhältlich";False;"";"2023-07-24"
"Landw. Bewirtschaftung: Nutzungsflächen";"lwb_nutzungsflaechen";"1.4";"SH";"Frei erhältlich";False;"Frei erhältlich";False;"";"2023-07-24"
"Landw. Bewirtschaftung: Nutzungsflächen";"lwb_nutzungsflaechen";"1.4";"SO";"Frei erhältlich";False;"Frei erhältlich";False;"";"2023-07-24"
"Landw. Bewirtschaftung: Nutzungsflächen";"lwb_nutzungsflaechen";"1.4";"SZ";"Frei erhältlich";False;"Frei erhältlich";False;"";"2023-07-24"
"Landw. Bewirtschaftung: Nutzungsflächen";"lwb_nutzungsflaechen";"1.4";"TG";"Frei erhältlich";False;"Frei erhältlich";False;"";"2023-07-24"
"Landw. Bewirtschaftung: Nutzungsflächen";"lwb_nutzungsflaechen";"1.4";"TI";"Registrierung erforderlich";False;"Registrierung erforderlich";False;"";"2023-07-24"
"Landw. Bewirtschaftung: Nutzungsflächen";"lwb_nutzungsflaechen";"1.4";"UR";"Frei erhältlich";False;"Frei erhältlich";False;"";"2023-07-24"
"Landw. Bewirtschaftung: Nutzungsflächen";"lwb_nutzungsflaechen";"1.4";"VD";"Freigabe erforderlich";False;"Frei erhältlich";False;"";"2023-07-24"
"Landw. Bewirtschaftung: Nutzungsflächen";"lwb_nutzungsflaechen";"1.4";"VS";"Frei erhältlich";False;"Frei erhältlich";False;"";"2023-07-24"
"Landw. Bewirtschaftung: Nutzungsflächen";"lwb_nutzungsflaechen";"1.4";"ZG";"Frei erhältlich";False;"Frei erhältlich";False;"";"2023-07-24"
"Landw. Bewirtschaftung: Nutzungsflächen";"lwb_nutzungsflaechen";"1.4";"ZH";"Frei erhältlich";False;"Frei erhältlich";False;"";"2023-07-24"
"Landw. Bewirtschaftung: Nutzungsflächen";"lwb_nutzungsflaechen_v2_0";"2.0";"GR";"Frei erhältlich";False;"Frei erhältlich";False;"";"2023-07-24"
"Landw. Bewirtschaftung: Perimeter LN- und Sömmerungsflächen";"lwb_perimeter_ln_sf";"1.3";"AG";"Frei erhältlich";False;"Frei erhältlich";False;"";"2023-07-24"
"Landw. Bewirtschaftung: Perimeter LN- und Sömmerungsflächen";"lwb_perimeter_ln_sf";"1.3";"AI";"Frei erhältlich";False;"Frei erhältlich";False;"";"2023-07-24"
"Landw. Bewirtschaftung: Perimeter LN- und Sömmerungsflächen";"lwb_perimeter_ln_sf";"1.3";"AR";"Freigabe erforderlich";False;"Frei erhältlich";False;"";"2023-07-24"
"Landw. Bewirtschaftung: Perimeter LN- und Sömmerungsflächen";"lwb_perimeter_ln_sf";"1.3";"BE";"Frei erhältlich";False;"Frei erhältlich";False;"";"2023-07-24"
"Landw. Bewirtschaftung: Perimeter LN- und Sömmerungsflächen";"lwb_perimeter_ln_sf";"1.3";"BL";"Frei erhältlich";False;"Frei erhältlich";False;"";"2023-07-24"
"Landw. Bewirtschaftung: Perimeter LN- und Sömmerungsflächen";"lwb_perimeter_ln_sf";"1.3";"BS";"Frei erhältlich";False;"Frei erhältlich";False;"";"2023-07-24"
"Landw. Bewirtschaftung: Perimeter LN- und Sömmerungsflächen";"lwb_perimeter_ln_sf";"1.3";"FL";"keine Daten";"";"keine Daten";"";"";"2023-07-24"
"Landw. Bewirtschaftung: Perimeter LN- und Sömmerungsflächen";"lwb_perimeter_ln_sf";"1.3";"FR";"Frei erhältlich";False;"Frei erhältlich";False;"";"2023-07-24"
"Landw. Bewirtschaftung: Perimeter LN- und Sömmerungsflächen";"lwb_perimeter_ln_sf";"1.3";"GE";"Frei erhältlich";False;"Frei erhältlich";False;"";"2023-07-24"
"Landw. Bewirtschaftung: Perimeter LN- und Sömmerungsflächen";"lwb_perimeter_ln_sf";"1.3";"GL";"Frei erhältlich";False;"Frei erhältlich";False;"";"2023-07-24"
"Landw. Bewirtschaftung: Perimeter LN- und Sömmerungsflächen";"lwb_perimeter_ln_sf";"1.3";"JU";"Frei erhältlich";False;"Frei erhältlich";False;"";"2023-07-24"
"Landw. Bewirtschaftung: Perimeter LN- und Sömmerungsflächen";"lwb_perimeter_ln_sf";"1.3";"LU";"Frei erhältlich";False;"Frei erhältlich";False;"";"2023-07-24"
"Landw. Bewirtschaftung: Perimeter LN- und Sömmerungsflächen";"lwb_perimeter_ln_sf";"1.3";"NE";"Registrierung erforderlich";False;"Frei erhältlich";False;"";"2023-07-24"
"Landw. Bewirtschaftung: Perimeter LN- und Sömmerungsflächen";"lwb_perimeter_ln_sf";"1.3";"NW";"Freigabe erforderlich";False;"Frei erhältlich";False;"";"2023-07-24"
"Landw. Bewirtschaftung: Perimeter LN- und Sömmerungsflächen";"lwb_perimeter_ln_sf";"1.3";"OW";"Freigabe erforderlich";False;"Frei erhältlich";False;"";"2023-07-24"
"Landw. Bewirtschaftung: Perimeter LN- und Sömmerungsflächen";"lwb_perimeter_ln_sf";"1.3";"SG";"Frei erhältlich";False;"Frei erhältlich";False;"";"2023-07-24"
"Landw. Bewirtschaftung: Perimeter LN- und Sömmerungsflächen";"lwb_perimeter_ln_sf";"1.3";"SH";"Frei erhältlich";False;"Frei erhältlich";False;"";"2023-07-24"
"Landw. Bewirtschaftung: Perimeter LN- und Sömmerungsflächen";"lwb_perimeter_ln_sf";"1.3";"SO";"Frei erhältlich";False;"Frei erhältlich";False;"";"2023-07-24"
"Landw. Bewirtschaftung: Perimeter LN- und Sömmerungsflächen";"lwb_perimeter_ln_sf";"1.3";"SZ";"Frei erhältlich";False;"Frei erhältlich";False;"";"2023-07-24"
"Landw. Bewirtschaftung: Perimeter LN- und Sömmerungsflächen";"lwb_perimeter_ln_sf";"1.3";"TG";"Frei erhältlich";False;"Frei erhältlich";False;"";"2023-07-24"
"Landw. Bewirtschaftung: Perimeter LN- und Sömmerungsflächen";"lwb_perimeter_ln_sf";"1.3";"TI";"Freigabe erforderlich";True;"Freigabe erforderlich";True;"";"2023-07-24"
"Landw. Bewirtschaftung: Perimeter LN- und Sömmerungsflächen";"lwb_perimeter_ln_sf";"1.3";"UR";"Frei erhältlich";False;"Frei erhältlich";False;"";"2023-07-24"
"Landw. Bewirtschaftung: Perimeter LN- und Sömmerungsflächen";"lwb_perimeter_ln_sf";"1.3";"VD";"Freigabe erforderlich";False;"Frei erhältlich";False;"";"2023-07-24"
"Landw. Bewirtschaftung: Perimeter LN- und Sömmerungsflächen";"lwb_perimeter_ln_sf";"1.3";"VS";"Frei erhältlich";False;"Frei erhältlich";False;"";"2023-07-24"
"Landw. Bewirtschaftung: Perimeter LN- und Sömmerungsflächen";"lwb_perimeter_ln_sf";"1.3";"ZG";"Frei erhältlich";False;"Frei erhältlich";False;"";"2023-07-24"
"Landw. Bewirtschaftung: Perimeter LN- und Sömmerungsflächen";"lwb_perimeter_ln_sf";"1.3";"ZH";"Frei erhältlich";False;"Frei erhältlich";False;"";"2023-07-24"
"Landw. Bewirtschaftung: Perimeter LN- und Sömmerungsflächen";"lwb_perimeter_ln_sf_v2_0";"2.0";"GR";"Frei erhältlich";False;"Frei erhältlich";False;"";"2023-07-24"
"Landw. Bewirtschaftung: Perimeter Terrassenreben";"lwb_perimeter_terrassenreben";"1.3";"AG";"keine Daten";False;"keine Daten";False;"";"2023-07-24"
"Landw. Bewirtschaftung: Perimeter Terrassenreben";"lwb_perimeter_terrassenreben";"1.3";"AI";"keine Daten";False;"keine Daten";False;"";"2023-07-24"
"Landw. Bewirtschaftung: Perimeter Terrassenreben";"lwb_perimeter_terrassenreben";"1.3";"AR";"Freigabe erforderlich";False;"Frei erhältlich";False;"";"2023-07-24"
"Landw. Bewirtschaftung: Perimeter Terrassenreben";"lwb_perimeter_terrassenreben";"1.3";"BE";"Frei erhältlich";False;"Frei erhältlich";False;"";"2023-07-24"
"Landw. Bewirtschaftung: Perimeter Terrassenreben";"lwb_perimeter_terrassenreben";"1.3";"BL";"keine Daten";"";"keine Daten";"";"";"2023-07-24"
"Landw. Bewirtschaftung: Perimeter Terrassenreben";"lwb_perimeter_terrassenreben";"1.3";"BS";"keine Daten";"";"keine Daten";"";"";"2023-07-24"
"Landw. Bewirtschaftung: Perimeter Terrassenreben";"lwb_perimeter_terrassenreben";"1.3";"FL";"keine Daten";"";"keine Daten";"";"";"2023-07-24"
"Landw. Bewirtschaftung: Perimeter Terrassenreben";"lwb_perimeter_terrassenreben";"1.3";"FR";"Frei erhältlich";False;"Frei erhältlich";False;"";"2023-07-24"
"Landw. Bewirtschaftung: Perimeter Terrassenreben";"lwb_perimeter_terrassenreben";"1.3";"GE";"keine Daten";"";"keine Daten";"";"";"2023-07-24"
"Landw. Bewirtschaftung: Perimeter Terrassenreben";"lwb_perimeter_terrassenreben";"1.3";"GL";"keine Daten";False;"keine Daten";False;"";"2023-07-24"
"Landw. Bewirtschaftung: Perimeter Terrassenreben";"lwb_perimeter_terrassenreben";"1.3";"LU";"keine Daten";"";"keine Daten";"";"";"2023-07-24"
"Landw. Bewirtschaftung: Perimeter Terrassenreben";"lwb_perimeter_terrassenreben";"1.3";"NE";"Registrierung erforderlich";False;"Frei erhältlich";False;"";"2023-07-24"
"Landw. Bewirtschaftung: Perimeter Terrassenreben";"lwb_perimeter_terrassenreben";"1.3";"NW";"keine Daten";False;"keine Daten";False;"";"2023-07-24"
"Landw. Bewirtschaftung: Perimeter Terrassenreben";"lwb_perimeter_terrassenreben";"1.3";"OW";"keine Daten";False;"keine Daten";False;"";"2023-07-24"
"Landw. Bewirtschaftung: Perimeter Terrassenreben";"lwb_perimeter_terrassenreben";"1.3";"SG";"Frei erhältlich";False;"Frei erhältlich";False;"";"2023-07-24"
"Landw. Bewirtschaftung: Perimeter Terrassenreben";"lwb_perimeter_terrassenreben";"1.3";"SH";"keine Daten";"";"keine Daten";"";"";"2023-07-24"
"Landw. Bewirtschaftung: Perimeter Terrassenreben";"lwb_perimeter_terrassenreben";"1.3";"SO";"keine Daten";"";"keine Daten";"";"";"2023-07-24"
"Landw. Bewirtschaftung: Perimeter Terrassenreben";"lwb_perimeter_terrassenreben";"1.3";"SZ";"keine Daten";"";"keine Daten";"";"";"2023-07-24"
"Landw. Bewirtschaftung: Perimeter Terrassenreben";"lwb_perimeter_terrassenreben";"1.3";"TG";"keine Daten";"";"keine Daten";"";"";"2023-07-24"
"Landw. Bewirtschaftung: Perimeter Terrassenreben";"lwb_perimeter_terrassenreben";"1.3";"TI";"Registrierung erforderlich";False;"Registrierung erforderlich";False;"";"2023-07-24"
"Landw. Bewirtschaftung: Perimeter Terrassenreben";"lwb_perimeter_terrassenreben";"1.3";"VD";"Freigabe erforderlich";False;"Frei erhältlich";False;"";"2023-07-24"
"Landw. Bewirtschaftung: Perimeter Terrassenreben";"lwb_perimeter_terrassenreben";"1.3";"VS";"Frei erhältlich";False;"Frei erhältlich";False;"";"2023-07-24"
"Landw. Bewirtschaftung: Perimeter Terrassenreben";"lwb_perimeter_terrassenreben";"1.3";"ZG";"keine Daten";"";"keine Daten";"";"";"2023-07-24"
"Landw. Bewirtschaftung: Perimeter Terrassenreben";"lwb_perimeter_terrassenreben";"1.3";"ZH";"keine Daten";False;"keine Daten";False;"";"2023-07-24"
"Landw. Bewirtschaftung: Perimeter Terrassenreben";"";"";"GR";"keine Daten";"";"keine Daten";"";"";"2023-07-24"
"Landw. Bewirtschaftung: Perimeter Terrassenreben";"";"";"JU";"keine Daten";"";"keine Daten";"";"";"2023-07-24"
"Landw. Bewirtschaftung: Perimeter Terrassenreben";"";"";"UR";"keine Daten";"";"keine Daten";"";"";"2023-07-24"
"Landw. Bewirtschaftung: Rebbaukataster";"lwb_rebbaukataster";"1.2";"AG";"Im Aufbau";False;"Im Aufbau";False;"";"2023-07-24"
"Landw. Bewirtschaftung: Rebbaukataster";"lwb_rebbaukataster";"1.2";"AI";"keine Daten";False;"keine Daten";False;"";"2023-07-24"
"Landw. Bewirtschaftung: Rebbaukataster";"lwb_rebbaukataster";"1.2";"BE";"Frei erhältlich";False;"Frei erhältlich";False;"";"2023-07-24"
"Landw. Bewirtschaftung: Rebbaukataster";"lwb_rebbaukataster";"1.2";"BL";"Frei erhältlich";False;"Frei erhältlich";False;"";"2023-07-24"
"Landw. Bewirtschaftung: Rebbaukataster";"lwb_rebbaukataster";"1.2";"BS";"Frei erhältlich";False;"Frei erhältlich";False;"";"2023-07-24"
"Landw. Bewirtschaftung: Rebbaukataster";"lwb_rebbaukataster";"1.2";"FL";"keine Daten";"";"keine Daten";"";"";"2023-07-24"
"Landw. Bewirtschaftung: Rebbaukataster";"lwb_rebbaukataster";"1.2";"FR";"Frei erhältlich";False;"Frei erhältlich";False;"";"2023-07-24"
"Landw. Bewirtschaftung: Rebbaukataster";"lwb_rebbaukataster";"1.2";"GE";"Frei erhältlich";False;"Frei erhältlich";False;"";"2023-07-24"
"Landw. Bewirtschaftung: Rebbaukataster";"lwb_rebbaukataster";"1.2";"JU";"Frei erhältlich";False;"Frei erhältlich";False;"";"2023-07-24"
"Landw. Bewirtschaftung: Rebbaukataster";"lwb_rebbaukataster";"1.2";"LU";"Frei erhältlich";False;"Frei erhältlich";False;"";"2023-07-24"
"Landw. Bewirtschaftung: Rebbaukataster";"lwb_rebbaukataster";"1.2";"NE";"Registrierung erforderlich";False;"Frei erhältlich";False;"";"2023-07-24"
"Landw. Bewirtschaftung: Rebbaukataster";"lwb_rebbaukataster";"1.2";"NW";"keine Daten";False;"keine Daten";False;"";"2023-07-24"
"Landw. Bewirtschaftung: Rebbaukataster";"lwb_rebbaukataster";"1.2";"OW";"keine Daten";False;"keine Daten";False;"";"2023-07-24"
"Landw. Bewirtschaftung: Rebbaukataster";"lwb_rebbaukataster";"1.2";"SH";"Frei erhältlich";False;"Frei erhältlich";False;"";"2023-07-24"
"Landw. Bewirtschaftung: Rebbaukataster";"lwb_rebbaukataster";"1.2";"SO";"Frei erhältlich";False;"Frei erhältlich";False;"";"2023-07-24"
"Landw. Bewirtschaftung: Rebbaukataster";"lwb_rebbaukataster";"1.2";"SZ";"Frei erhältlich";False;"Frei erhältlich";False;"";"2023-07-24"
"Landw. Bewirtschaftung: Rebbaukataster";"lwb_rebbaukataster";"1.2";"TG";"Frei erhältlich";False;"Frei erhältlich";False;"";"2023-07-24"
"Landw. Bewirtschaftung: Rebbaukataster";"lwb_rebbaukataster";"1.2";"TI";"Registrierung erforderlich";False;"Registrierung erforderlich";False;"";"2023-07-24"
"Landw. Bewirtschaftung: Rebbaukataster";"lwb_rebbaukataster";"1.2";"UR";"Frei erhältlich";False;"Frei erhältlich";False;"";"2023-07-24"
"Landw. Bewirtschaftung: Rebbaukataster";"lwb_rebbaukataster";"1.2";"VD";"Freigabe erforderlich";False;"Frei erhältlich";False;"";"2023-07-24"
"Landw. Bewirtschaftung: Rebbaukataster";"lwb_rebbaukataster";"1.2";"VS";"Frei erhältlich";False;"Frei erhältlich";False;"";"2023-07-24"
"Landw. Bewirtschaftung: Rebbaukataster";"lwb_rebbaukataster";"1.2";"ZG";"Frei erhältlich";False;"Frei erhältlich";False;"";"2023-07-24"
"Landw. Bewirtschaftung: Rebbaukataster";"lwb_rebbaukataster_v2_0";"2.0";"GR";"Frei erhältlich";False;"Frei erhältlich";False;"";"2023-07-24"
"Landw. Bewirtschaftung: Rebbaukataster";"";"";"AR";"keine Daten";"";"keine Daten";"";"";"2023-07-24"
"Landw. Bewirtschaftung: Rebbaukataster";"";"";"GL";"keine Daten";"";"keine Daten";"";"";"2023-07-24"
"Landw. Bewirtschaftung: Rebbaukataster";"";"";"SG";"keine Daten";"";"keine Daten";"";"";"2023-07-24"
"Landw. Bewirtschaftung: Rebbaukataster";"";"";"ZH";"keine Daten";"";"keine Daten";"";"";"2023-07-24"
"Naturereigniskataster";"naturereigniskataster_v1_0";"1.0";"AG";"Frei erhältlich";False;"Frei erhältlich";False;"";"2023-07-24"
"Naturereigniskataster";"naturereigniskataster_v1_0";"1.0";"AI";"Frei erhältlich";False;"Frei erhältlich";False;"";"2023-07-24"
"Naturereigniskataster";"naturereigniskataster_v1_0";"1.0";"AR";"Freigabe erforderlich";False;"Frei erhältlich";False;"";"2023-07-24"
"Naturereigniskataster";"naturereigniskataster_v1_0";"1.0";"FL";"Freigabe erforderlich";False;"Freigabe erforderlich";False;"";"2023-07-24"
"Naturereigniskataster";"naturereigniskataster_v1_0";"1.0";"FR";"Frei erhältlich";False;"Frei erhältlich";False;"";"2023-07-24"
"Naturereigniskataster";"naturereigniskataster_v1_0";"1.0";"GL";"Frei erhältlich";False;"Frei erhältlich";False;"";"2023-07-24"
"Naturereigniskataster";"naturereigniskataster_v1_0";"1.0";"GR";"Frei erhältlich";False;"Frei erhältlich";False;"";"2023-07-24"
"Naturereigniskataster";"naturereigniskataster_v1_0";"1.0";"LU";"Frei erhältlich";False;"Frei erhältlich";False;"";"2023-07-24"
"Naturereigniskataster";"naturereigniskataster_v1_0";"1.0";"NE";"Frei erhältlich";False;"Frei erhältlich";False;"";"2023-07-24"
"Naturereigniskataster";"naturereigniskataster_v1_0";"1.0";"SG";"Frei erhältlich";False;"Frei erhältlich";False;"";"2023-07-24"
"Naturereigniskataster";"naturereigniskataster_v1_0";"1.0";"SH";"Frei erhältlich";False;"Frei erhältlich";False;"";"2023-07-24"
"Naturereigniskataster";"naturereigniskataster_v1_0";"1.0";"SO";"Frei erhältlich";False;"Frei erhältlich";False;"";"2023-07-24"
"Naturereigniskataster";"naturereigniskataster_v1_0";"1.0";"SZ";"Frei erhältlich";False;"Frei erhältlich";False;"";"2023-07-24"
"Naturereigniskataster";"naturereigniskataster_v1_0";"1.0";"TG";"Freigabe erforderlich";False;"Freigabe erforderlich";False;"";"2023-07-24"
"Naturereigniskataster";"naturereigniskataster_v1_0";"1.0";"TI";"Frei erhältlich";False;"Frei erhältlich";False;"";"2023-07-24"
"Naturereigniskataster";"naturereigniskataster_v1_0";"1.0";"VD";"keine Daten";False;"keine Daten";False;"";"2023-07-24"
"Naturereigniskataster";"naturereigniskataster_v1_0";"1.0";"VS";"Frei erhältlich";False;"Frei erhältlich";False;"";"2023-07-24"
"Naturereigniskataster";"naturereigniskataster_v1_0";"1.0";"ZG";"Frei erhältlich";False;"Frei erhältlich";False;"";"2023-07-24"
"Naturereigniskataster";"naturereigniskataster_v1_0";"1.0";"ZH";"Im Aufbau";False;"Im Aufbau";False;"";"2023-07-24"
"Naturereigniskataster erweitert";"naturereigniskataster_umfassend_v1_0";"1.0";"FL";"Freigabe erforderlich";False;"keine Daten";"";"";"2023-07-24"
"Naturereigniskataster erweitert";"naturereigniskataster_umfassend_v1_0";"1.0";"FR";"Frei erhältlich";False;"keine Daten";"";"";"2023-07-24"
"Naturereigniskataster erweitert";"";"";"NE";"keine Daten";"";"keine Daten";"";"";"2023-07-24"
"Lärmempfindlichkeitsstufen (in Nutzungszonen)";"npl_laermempfindlichkeitsstufen";"1.1";"AI";"Im Aufbau";False;"Im Aufbau";False;"";"2023-07-24"
"Lärmempfindlichkeitsstufen (in Nutzungszonen)";"npl_laermempfindlichkeitsstufen";"1.1";"FL";"keine Daten";"";"keine Daten";"";"";"2023-07-24"
"Lärmempfindlichkeitsstufen (in Nutzungszonen)";"npl_laermempfindlichkeitsstufen";"1.1";"GE";"Freigabe erforderlich";False;"Freigabe erforderlich";False;"";"2023-07-24"
"Lärmempfindlichkeitsstufen (in Nutzungszonen)";"npl_laermempfindlichkeitsstufen";"1.1";"GL";"Frei erhältlich";False;"Frei erhältlich";False;"";"2023-07-24"
"Lärmempfindlichkeitsstufen (in Nutzungszonen)";"npl_laermempfindlichkeitsstufen";"1.1";"GR";"Im Aufbau";False;"Im Aufbau";False;"";"2023-07-24"
"Lärmempfindlichkeitsstufen (in Nutzungszonen)";"npl_laermempfindlichkeitsstufen";"1.1";"LU";"Frei erhältlich";False;"Frei erhältlich";False;"";"2023-07-24"
"Lärmempfindlichkeitsstufen (in Nutzungszonen)";"npl_laermempfindlichkeitsstufen";"1.1";"NE";"Registrierung erforderlich";False;"Frei erhältlich";False;"";"2023-07-24"
"Lärmempfindlichkeitsstufen (in Nutzungszonen)";"npl_laermempfindlichkeitsstufen";"1.1";"SO";"Frei erhältlich";False;"Frei erhältlich";False;"";"2023-07-24"
"Lärmempfindlichkeitsstufen (in Nutzungszonen)";"npl_laermempfindlichkeitsstufen";"1.1";"SZ";"Frei erhältlich";False;"Frei erhältlich";False;"";"2023-07-24"
"Lärmempfindlichkeitsstufen (in Nutzungszonen)";"npl_laermempfindlichkeitsstufen";"1.1";"VS";"keine Daten";"";"keine Daten";"";"";"2023-07-24"
"Lärmempfindlichkeitsstufen (in Nutzungszonen)";"npl_laermempfindlichkeitsstufen";"1.1";"ZG";"Frei erhältlich";False;"Frei erhältlich";False;"";"2023-07-24"
"Lärmempfindlichkeitsstufen (in Nutzungszonen)";"npl_laermempfindlichkeitsstufen_v1_2";"1.2";"AG";"Frei erhältlich";False;"Frei erhältlich";False;"";"2023-07-24"
"Lärmempfindlichkeitsstufen (in Nutzungszonen)";"npl_laermempfindlichkeitsstufen_v1_2";"1.2";"BE";"Frei erhältlich";False;"Frei erhältlich";False;"";"2023-07-24"
"Lärmempfindlichkeitsstufen (in Nutzungszonen)";"npl_laermempfindlichkeitsstufen_v1_2";"1.2";"BL";"Frei erhältlich";False;"Frei erhältlich";False;"";"2023-07-24"
"Lärmempfindlichkeitsstufen (in Nutzungszonen)";"npl_laermempfindlichkeitsstufen_v1_2";"1.2";"BS";"Frei erhältlich";False;"Frei erhältlich";False;"";"2023-07-24"
"Lärmempfindlichkeitsstufen (in Nutzungszonen)";"npl_laermempfindlichkeitsstufen_v1_2";"1.2";"FR";"Frei erhältlich";False;"Frei erhältlich";False;"";"2023-07-24"
"Lärmempfindlichkeitsstufen (in Nutzungszonen)";"npl_laermempfindlichkeitsstufen_v1_2";"1.2";"JU";"Frei erhältlich";False;"Frei erhältlich";False;"";"2023-07-24"
"Lärmempfindlichkeitsstufen (in Nutzungszonen)";"npl_laermempfindlichkeitsstufen_v1_2";"1.2";"NW";"Freigabe erforderlich";False;"Frei erhältlich";False;"";"2023-07-24"
"Lärmempfindlichkeitsstufen (in Nutzungszonen)";"npl_laermempfindlichkeitsstufen_v1_2";"1.2";"OW";"Freigabe erforderlich";False;"Frei erhältlich";False;"";"2023-07-24"
"Lärmempfindlichkeitsstufen (in Nutzungszonen)";"npl_laermempfindlichkeitsstufen_v1_2";"1.2";"SG";"Frei erhältlich";False;"Frei erhältlich";False;"";"2023-07-24"
"Lärmempfindlichkeitsstufen (in Nutzungszonen)";"npl_laermempfindlichkeitsstufen_v1_2";"1.2";"SH";"Frei erhältlich";False;"Frei erhältlich";False;"";"2023-07-24"
"Lärmempfindlichkeitsstufen (in Nutzungszonen)";"npl_laermempfindlichkeitsstufen_v1_2";"1.2";"TG";"Frei erhältlich";False;"Frei erhältlich";False;"";"2023-07-24"
"Lärmempfindlichkeitsstufen (in Nutzungszonen)";"npl_laermempfindlichkeitsstufen_v1_2";"1.2";"UR";"Frei erhältlich";False;"Frei erhältlich";False;"";"2023-07-24"
"Lärmempfindlichkeitsstufen (in Nutzungszonen)";"npl_laermempfindlichkeitsstufen_v1_2";"1.2";"VD";"Freigabe erforderlich";False;"Frei erhältlich";False;"";"2023-07-24"
"Lärmempfindlichkeitsstufen (in Nutzungszonen)";"npl_laermempfindlichkeitsstufen_v1_2";"1.2";"ZH";"Frei erhältlich";False;"Frei erhältlich";False;"";"2023-07-24"
"Lärmempfindlichkeitsstufen (in Nutzungszonen)";"";"";"AR";"keine Daten";"";"keine Daten";"";"";"2023-07-24"
"Lärmempfindlichkeitsstufen (in Nutzungszonen)";"";"";"TI";"keine Daten";"";"keine Daten";"";"";"2023-07-24"
"Nutzungsplanung (kantonal / kommunal)";"npl_nutzungsplanung";"1.1";"AI";"Im Aufbau";False;"Im Aufbau";False;"";"2023-07-24"
"Nutzungsplanung (kantonal / kommunal)";"npl_nutzungsplanung";"1.1";"FL";"keine Daten";"";"keine Daten";"";"";"2023-07-24"
"Nutzungsplanung (kantonal / kommunal)";"npl_nutzungsplanung";"1.1";"GL";"Frei erhältlich";False;"Frei erhältlich";False;"";"2023-07-24"
"Nutzungsplanung (kantonal / kommunal)";"npl_nutzungsplanung";"1.1";"GR";"Im Aufbau";False;"Im Aufbau";False;"";"2023-07-24"
"Nutzungsplanung (kantonal / kommunal)";"npl_nutzungsplanung";"1.1";"LU";"Frei erhältlich";False;"Frei erhältlich";False;"";"2023-07-24"
"Nutzungsplanung (kantonal / kommunal)";"npl_nutzungsplanung";"1.1";"NE";"Registrierung erforderlich";False;"Frei erhältlich";False;"";"2023-07-24"
"Nutzungsplanung (kantonal / kommunal)";"npl_nutzungsplanung";"1.1";"SO";"Frei erhältlich";False;"Frei erhältlich";False;"";"2023-07-24"
"Nutzungsplanung (kantonal / kommunal)";"npl_nutzungsplanung";"1.1";"SZ";"Frei erhältlich";False;"Frei erhältlich";False;"";"2023-07-24"
"Nutzungsplanung (kantonal / kommunal)";"npl_nutzungsplanung";"1.1";"VS";"Im Aufbau";False;"Im Aufbau";False;"";"2023-07-24"
"Nutzungsplanung (kantonal / kommunal)";"npl_nutzungsplanung";"1.1";"ZG";"Frei erhältlich";False;"Frei erhältlich";False;"";"2023-07-24"
"Nutzungsplanung (kantonal / kommunal)";"npl_nutzungsplanung_v1_2";"1.2";"AG";"Frei erhältlich";False;"Frei erhältlich";False;"";"2023-07-24"
"Nutzungsplanung (kantonal / kommunal)";"npl_nutzungsplanung_v1_2";"1.2";"AR";"Freigabe erforderlich";False;"Frei erhältlich";False;"";"2023-07-24"
"Nutzungsplanung (kantonal / kommunal)";"npl_nutzungsplanung_v1_2";"1.2";"BE";"Frei erhältlich";False;"Frei erhältlich";False;"";"2023-07-24"
"Nutzungsplanung (kantonal / kommunal)";"npl_nutzungsplanung_v1_2";"1.2";"BL";"Frei erhältlich";False;"Frei erhältlich";False;"";"2023-07-24"
"Nutzungsplanung (kantonal / kommunal)";"npl_nutzungsplanung_v1_2";"1.2";"BS";"Frei erhältlich";False;"Frei erhältlich";False;"";"2023-07-24"
"Nutzungsplanung (kantonal / kommunal)";"npl_nutzungsplanung_v1_2";"1.2";"FR";"Frei erhältlich";False;"Frei erhältlich";False;"";"2023-07-24"
"Nutzungsplanung (kantonal / kommunal)";"npl_nutzungsplanung_v1_2";"1.2";"GE";"Frei erhältlich";False;"Frei erhältlich";False;"";"2023-07-24"
"Nutzungsplanung (kantonal / kommunal)";"npl_nutzungsplanung_v1_2";"1.2";"JU";"Frei erhältlich";False;"Frei erhältlich";False;"";"2023-07-24"
"Nutzungsplanung (kantonal / kommunal)";"npl_nutzungsplanung_v1_2";"1.2";"NW";"Freigabe erforderlich";False;"Frei erhältlich";False;"";"2023-07-24"
"Nutzungsplanung (kantonal / kommunal)";"npl_nutzungsplanung_v1_2";"1.2";"OW";"Freigabe erforderlich";False;"Frei erhältlich";False;"";"2023-07-24"
"Nutzungsplanung (kantonal / kommunal)";"npl_nutzungsplanung_v1_2";"1.2";"SG";"Frei erhältlich";False;"Frei erhältlich";False;"";"2023-07-24"
"Nutzungsplanung (kantonal / kommunal)";"npl_nutzungsplanung_v1_2";"1.2";"SH";"Frei erhältlich";False;"Frei erhältlich";False;"";"2023-07-24"
"Nutzungsplanung (kantonal / kommunal)";"npl_nutzungsplanung_v1_2";"1.2";"TG";"Frei erhältlich";False;"Frei erhältlich";False;"";"2023-07-24"
"Nutzungsplanung (kantonal / kommunal)";"npl_nutzungsplanung_v1_2";"1.2";"UR";"Frei erhältlich";False;"Frei erhältlich";False;"";"2023-07-24"
"Nutzungsplanung (kantonal / kommunal)";"npl_nutzungsplanung_v1_2";"1.2";"VD";"Freigabe erforderlich";False;"Frei erhältlich";False;"";"2023-07-24"
"Nutzungsplanung (kantonal / kommunal)";"";"";"TI";"keine Daten";"";"keine Daten";"";"";"2023-07-24"
"Nutzungsplanung (kantonal / kommunal)";"";"";"ZH";"keine Daten";"";"keine Daten";"";"";"2023-07-24"
"Waldabstandslinien";"npl_waldabstandslinien";"1.1";"AG";"keine Daten";False;"keine Daten";False;"";"2023-07-24"
"Waldabstandslinien";"npl_waldabstandslinien";"1.1";"AI";"Frei erhältlich";False;"Frei erhältlich";False;"";"2023-07-24"
"Waldabstandslinien";"npl_waldabstandslinien";"1.1";"BS";"keine Daten";"";"keine Daten";"";"";"2023-07-24"
"Waldabstandslinien";"npl_waldabstandslinien";"1.1";"FL";"keine Daten";"";"keine Daten";"";"";"2023-07-24"
"Waldabstandslinien";"npl_waldabstandslinien";"1.1";"GL";"Frei erhältlich";False;"Frei erhältlich";False;"";"2023-07-24"
"Waldabstandslinien";"npl_waldabstandslinien";"1.1";"GR";"Im Aufbau";False;"Im Aufbau";False;"";"2023-07-24"
"Waldabstandslinien";"npl_waldabstandslinien";"1.1";"JU";"keine Daten";"";"keine Daten";"";"";"2023-07-24"
"Waldabstandslinien";"npl_waldabstandslinien";"1.1";"LU";"keine Daten";"";"keine Daten";"";"";"2023-07-24"
"Waldabstandslinien";"npl_waldabstandslinien";"1.1";"SH";"keine Daten";"";"keine Daten";"";"";"2023-07-24"
"Waldabstandslinien";"npl_waldabstandslinien";"1.1";"SO";"Frei erhältlich";False;"Frei erhältlich";False;"";"2023-07-24"
"Waldabstandslinien";"npl_waldabstandslinien";"1.1";"SZ";"Frei erhältlich";False;"Frei erhältlich";False;"";"2023-07-24"
"Waldabstandslinien";"npl_waldabstandslinien";"1.1";"TG";"keine Daten";False;"keine Daten";False;"";"2023-07-24"
"Waldabstandslinien";"npl_waldabstandslinien";"1.1";"VS";"keine Daten";"";"keine Daten";"";"";"2023-07-24"
"Waldabstandslinien";"npl_waldabstandslinien_v1_2";"1.2";"AR";"Freigabe erforderlich";False;"Frei erhältlich";False;"";"2023-07-24"
"Waldabstandslinien";"npl_waldabstandslinien_v1_2";"1.2";"BE";"Frei erhältlich";False;"Frei erhältlich";False;"";"2023-07-24"
"Waldabstandslinien";"npl_waldabstandslinien_v1_2";"1.2";"BL";"Frei erhältlich";False;"Frei erhältlich";False;"";"2023-07-24"
"Waldabstandslinien";"npl_waldabstandslinien_v1_2";"1.2";"FR";"Frei erhältlich";False;"Frei erhältlich";False;"";"2023-07-24"
"Waldabstandslinien";"npl_waldabstandslinien_v1_2";"1.2";"GE";"Frei erhältlich";False;"Frei erhältlich";False;"";"2023-07-24"
"Waldabstandslinien";"npl_waldabstandslinien_v1_2";"1.2";"NE";"Frei erhältlich";False;"Frei erhältlich";False;"";"2023-07-24"
"Waldabstandslinien";"npl_waldabstandslinien_v1_2";"1.2";"NW";"Freigabe erforderlich";False;"Frei erhältlich";False;"";"2023-07-24"
"Waldabstandslinien";"npl_waldabstandslinien_v1_2";"1.2";"OW";"Freigabe erforderlich";False;"Frei erhältlich";False;"";"2023-07-24"
"Waldabstandslinien";"npl_waldabstandslinien_v1_2";"1.2";"SG";"Frei erhältlich";False;"Frei erhältlich";False;"";"2023-07-24"
"Waldabstandslinien";"npl_waldabstandslinien_v1_2";"1.2";"UR";"Frei erhältlich";False;"Frei erhältlich";False;"";"2023-07-24"
"Waldabstandslinien";"npl_waldabstandslinien_v1_2";"1.2";"ZG";"Frei erhältlich";False;"Frei erhältlich";False;"";"2023-07-24"
"Waldabstandslinien";"npl_waldabstandslinien_v1_2";"1.2";"ZH";"Frei erhältlich";False;"Frei erhältlich";False;"";"2023-07-24"
"Waldabstandslinien";"";"";"TI";"keine Daten";"";"keine Daten";"";"";"2023-07-24"
"Waldabstandslinien";"";"";"VD";"keine Daten";"";"keine Daten";"";"";"2023-07-24"
"Statische Waldgrenzen";"npl_waldgrenzen";"1.1";"FL";"keine Daten";"";"keine Daten";"";"";"2023-07-24"
"Statische Waldgrenzen";"npl_waldgrenzen";"1.1";"GL";"Frei erhältlich";False;"Frei erhältlich";False;"";"2023-07-24"
"Statische Waldgrenzen";"npl_waldgrenzen";"1.1";"GR";"Im Aufbau";False;"Im Aufbau";False;"";"2023-07-24"
"Statische Waldgrenzen";"npl_waldgrenzen";"1.1";"NE";"Registrierung erforderlich";False;"Frei erhältlich";False;"";"2023-07-24"
"Statische Waldgrenzen";"npl_waldgrenzen";"1.1";"SO";"Frei erhältlich";False;"Frei erhältlich";False;"";"2023-07-24"
"Statische Waldgrenzen";"npl_waldgrenzen";"1.1";"SZ";"Frei erhältlich";False;"Frei erhältlich";False;"";"2023-07-24"
"Statische Waldgrenzen";"npl_waldgrenzen";"1.1";"VS";"keine Daten";"";"keine Daten";"";"";"2023-07-24"
"Statische Waldgrenzen";"npl_waldgrenzen_v1_2";"1.2";"AG";"Frei erhältlich";False;"Frei erhältlich";False;"";"2023-07-24"
"Statische Waldgrenzen";"npl_waldgrenzen_v1_2";"1.2";"AI";"Frei erhältlich";False;"Frei erhältlich";False;"";"2023-07-24"
"Statische Waldgrenzen";"npl_waldgrenzen_v1_2";"1.2";"AR";"Freigabe erforderlich";False;"Frei erhältlich";False;"";"2023-07-24"
"Statische Waldgrenzen";"npl_waldgrenzen_v1_2";"1.2";"BE";"Frei erhältlich";False;"Frei erhältlich";False;"";"2023-07-24"
"Statische Waldgrenzen";"npl_waldgrenzen_v1_2";"1.2";"BL";"Frei erhältlich";False;"Frei erhältlich";False;"";"2023-07-24"
"Statische Waldgrenzen";"npl_waldgrenzen_v1_2";"1.2";"BS";"Frei erhältlich";False;"Frei erhältlich";False;"";"2023-07-24"
"Statische Waldgrenzen";"npl_waldgrenzen_v1_2";"1.2";"FR";"Frei erhältlich";False;"Frei erhältlich";False;"";"2023-07-24"
"Statische Waldgrenzen";"npl_waldgrenzen_v1_2";"1.2";"GE";"Frei erhältlich";False;"Frei erhältlich";False;"";"2023-07-24"
"Statische Waldgrenzen";"npl_waldgrenzen_v1_2";"1.2";"JU";"Frei erhältlich";False;"Frei erhältlich";False;"";"2023-07-24"
"Statische Waldgrenzen";"npl_waldgrenzen_v1_2";"1.2";"LU";"Frei erhältlich";False;"Frei erhältlich";False;"";"2023-07-24"
"Statische Waldgrenzen";"npl_waldgrenzen_v1_2";"1.2";"NW";"Freigabe erforderlich";False;"Frei erhältlich";False;"";"2023-07-24"
"Statische Waldgrenzen";"npl_waldgrenzen_v1_2";"1.2";"OW";"Freigabe erforderlich";False;"Frei erhältlich";False;"";"2023-07-24"
"Statische Waldgrenzen";"npl_waldgrenzen_v1_2";"1.2";"SG";"Frei erhältlich";False;"Frei erhältlich";False;"";"2023-07-24"
"Statische Waldgrenzen";"npl_waldgrenzen_v1_2";"1.2";"SH";"Frei erhältlich";False;"Frei erhältlich";False;"";"2023-07-24"
"Statische Waldgrenzen";"npl_waldgrenzen_v1_2";"1.2";"TG";"Frei erhältlich";False;"Frei erhältlich";False;"";"2023-07-24"
"Statische Waldgrenzen";"npl_waldgrenzen_v1_2";"1.2";"UR";"Frei erhältlich";False;"Frei erhältlich";False;"";"2023-07-24"
"Statische Waldgrenzen";"npl_waldgrenzen_v1_2";"1.2";"ZG";"Frei erhältlich";False;"Frei erhältlich";False;"";"2023-07-24"
"Statische Waldgrenzen";"npl_waldgrenzen_v1_2";"1.2";"ZH";"Frei erhältlich";False;"Frei erhältlich";False;"";"2023-07-24"
"Statische Waldgrenzen";"";"";"TI";"keine Daten";"";"keine Daten";"";"";"2023-07-24"
"Statische Waldgrenzen";"";"";"VD";"keine Daten";"";"keine Daten";"";"";"2023-07-24"
"Planerischer Gewässerschutz";"planerischer_gewaesserschutz";"1.1";"AG";"Frei erhältlich";False;"Frei erhältlich";False;"";"2023-07-24"
"Planerischer Gewässerschutz";"planerischer_gewaesserschutz";"1.1";"AI";"Frei erhältlich";False;"Frei erhältlich";False;"";"2023-07-24"
"Planerischer Gewässerschutz";"planerischer_gewaesserschutz";"1.1";"AR";"Freigabe erforderlich";False;"Frei erhältlich";False;"";"2023-07-24"
"Planerischer Gewässerschutz";"planerischer_gewaesserschutz";"1.1";"BE";"Frei erhältlich";False;"Frei erhältlich";False;"";"2023-07-24"
"Planerischer Gewässerschutz";"planerischer_gewaesserschutz";"1.1";"BL";"Frei erhältlich";False;"Frei erhältlich";False;"";"2023-07-24"
"Planerischer Gewässerschutz";"planerischer_gewaesserschutz";"1.1";"BS";"Frei erhältlich";False;"Frei erhältlich";False;"";"2023-07-24"
"Planerischer Gewässerschutz";"planerischer_gewaesserschutz";"1.1";"FL";"keine Daten";"";"keine Daten";"";"";"2023-07-24"
"Planerischer Gewässerschutz";"planerischer_gewaesserschutz";"1.1";"FR";"Frei erhältlich";False;"Frei erhältlich";False;"";"2023-07-24"
"Planerischer Gewässerschutz";"planerischer_gewaesserschutz";"1.1";"GE";"Frei erhältlich";False;"Frei erhältlich";False;"";"2023-07-24"
"Planerischer Gewässerschutz";"planerischer_gewaesserschutz";"1.1";"GL";"Frei erhältlich";False;"Frei erhältlich";False;"";"2023-07-24"
"Planerischer Gewässerschutz";"planerischer_gewaesserschutz";"1.1";"GR";"Frei erhältlich";False;"Frei erhältlich";False;"";"2023-07-24"
"Planerischer Gewässerschutz";"planerischer_gewaesserschutz";"1.1";"JU";"Frei erhältlich";False;"Frei erhältlich";False;"";"2023-07-24"
"Planerischer Gewässerschutz";"planerischer_gewaesserschutz";"1.1";"LU";"Frei erhältlich";False;"Frei erhältlich";False;"";"2023-07-24"
"Planerischer Gewässerschutz";"planerischer_gewaesserschutz";"1.1";"NE";"Registrierung erforderlich";False;"Frei erhältlich";False;"";"2023-07-24"
"Planerischer Gewässerschutz";"planerischer_gewaesserschutz";"1.1";"NW";"Freigabe erforderlich";False;"Frei erhältlich";False;"";"2023-07-24"
"Planerischer Gewässerschutz";"planerischer_gewaesserschutz";"1.1";"OW";"Freigabe erforderlich";False;"Frei erhältlich";False;"";"2023-07-24"
"Planerischer Gewässerschutz";"planerischer_gewaesserschutz";"1.1";"SG";"Frei erhältlich";False;"Frei erhältlich";False;"";"2023-07-24"
"Planerischer Gewässerschutz";"planerischer_gewaesserschutz";"1.1";"SH";"Frei erhältlich";False;"Frei erhältlich";False;"";"2023-07-24"
"Planerischer Gewässerschutz";"planerischer_gewaesserschutz";"1.1";"SO";"Frei erhältlich";False;"Frei erhältlich";False;"";"2023-07-24"
"Planerischer Gewässerschutz";"planerischer_gewaesserschutz";"1.1";"SZ";"Frei erhältlich";False;"Frei erhältlich";False;"";"2023-07-24"
"Planerischer Gewässerschutz";"planerischer_gewaesserschutz";"1.1";"TG";"Frei erhältlich";False;"Frei erhältlich";False;"";"2023-07-24"
"Planerischer Gewässerschutz";"planerischer_gewaesserschutz";"1.1";"TI";"Frei erhältlich";False;"Frei erhältlich";False;"";"2023-07-24"
"Planerischer Gewässerschutz";"planerischer_gewaesserschutz";"1.1";"UR";"Frei erhältlich";False;"Frei erhältlich";False;"";"2023-07-24"
"Planerischer Gewässerschutz";"planerischer_gewaesserschutz";"1.1";"VD";"Freigabe erforderlich";True;"Frei erhältlich";False;"";"2023-07-24"
"Planerischer Gewässerschutz";"planerischer_gewaesserschutz";"1.1";"VS";"Frei erhältlich";False;"Frei erhältlich";False;"";"2023-07-24"
"Planerischer Gewässerschutz";"planerischer_gewaesserschutz";"1.1";"ZG";"Frei erhältlich";False;"Frei erhältlich";False;"";"2023-07-24"
"Planerischer Gewässerschutz";"planerischer_gewaesserschutz";"1.1";"ZH";"Frei erhältlich";False;"Frei erhältlich";False;"";"2023-07-24"
"Planungszonen";"planungszonen_v1_0";"1.0";"GE";"keine Daten";False;"keine Daten";False;"";"2023-07-24"
"Planungszonen";"planungszonen_v1_0";"1.0";"SZ";"Frei erhältlich";False;"Frei erhältlich";False;"";"2023-07-24"
"Planungszonen";"planungszonen_v1_0";"1.0";"TG";"Im Aufbau";False;"Im Aufbau";False;"";"2023-07-24"
"Planungszonen";"planungszonen_v1_1";"1.1";"AG";"Frei erhältlich";False;"Frei erhältlich";False;"";"2023-07-24"
"Planungszonen";"planungszonen_v1_1";"1.1";"BL";"Frei erhältlich";False;"Frei erhältlich";False;"";"2023-07-24"
"Planungszonen";"planungszonen_v1_1";"1.1";"BS";"Frei erhältlich";False;"Frei erhältlich";False;"";"2023-07-24"
"Planungszonen";"planungszonen_v1_1";"1.1";"FR";"Frei erhältlich";False;"Frei erhältlich";False;"";"2023-07-24"
"Planungszonen";"planungszonen_v1_1";"1.1";"JU";"Frei erhältlich";False;"Frei erhältlich";False;"";"2023-07-24"
"Planungszonen";"planungszonen_v1_1";"1.1";"LU";"Frei erhältlich";False;"Frei erhältlich";False;"";"2023-07-24"
"Planungszonen";"planungszonen_v1_1";"1.1";"NE";"Registrierung erforderlich";False;"Frei erhältlich";False;"";"2023-07-24"
"Planungszonen";"planungszonen_v1_1";"1.1";"NW";"Freigabe erforderlich";False;"Frei erhältlich";False;"";"2023-07-24"
"Planungszonen";"planungszonen_v1_1";"1.1";"OW";"Freigabe erforderlich";False;"Frei erhältlich";False;"";"2023-07-24"
"Planungszonen";"planungszonen_v1_1";"1.1";"SG";"Frei erhältlich";False;"Frei erhältlich";False;"";"2023-07-24"
"Planungszonen";"planungszonen_v1_1";"1.1";"SH";"Frei erhältlich";False;"Frei erhältlich";False;"";"2023-07-24"
"Planungszonen";"planungszonen_v1_1";"1.1";"UR";"Frei erhältlich";False;"Frei erhältlich";False;"";"2023-07-24"
"Planungszonen";"planungszonen_v1_1";"1.1";"VD";"Freigabe erforderlich";False;"Frei erhältlich";False;"";"2023-07-24"
"Planungszonen";"planungszonen_v1_1";"1.1";"VS";"Frei erhältlich";False;"Frei erhältlich";False;"";"2023-07-24"
"Planungszonen";"planungszonen_v1_1";"1.1";"ZG";"Frei erhältlich";False;"Frei erhältlich";False;"";"2023-07-24"
"Planungszonen";"planungszonen_v1_1";"1.1";"ZH";"Frei erhältlich";False;"Frei erhältlich";False;"";"2023-07-24"
"Planungszonen";"";"";"AI";"keine Daten";"";"keine Daten";"";"";"2023-07-24"
"Planungszonen";"";"";"AR";"keine Daten";"";"keine Daten";"";"";"2023-07-24"
"Planungszonen";"";"";"BE";"keine Daten";"";"keine Daten";"";"";"2023-07-24"
"Planungszonen";"";"";"FL";"keine Daten";"";"keine Daten";"";"";"2023-07-24"
"Planungszonen";"";"";"GL";"keine Daten";"";"keine Daten";"";"";"2023-07-24"
"Planungszonen";"";"";"GR";"keine Daten";"";"keine Daten";"";"";"2023-07-24"
"Planungszonen";"";"";"SO";"keine Daten";"";"keine Daten";"";"";"2023-07-24"
"Planungszonen";"";"";"TI";"keine Daten";"";"keine Daten";"";"";"2023-07-24"
"Planung der Revitalisierungen von Seeufern";"revitalisierung_seen_v1_2";"1.2";"BE";"Frei erhältlich";False;"Frei erhältlich";False;"";"2023-07-24"
"Planung der Revitalisierungen von Seeufern";"revitalisierung_seen_v1_2";"1.2";"GL";"Frei erhältlich";False;"Frei erhältlich";False;"";"2023-07-24"
"Planung der Revitalisierungen von Seeufern";"revitalisierung_seen_v1_2";"1.2";"NW";"Freigabe erforderlich";False;"Frei erhältlich";False;"";"2023-07-24"
"Planung der Revitalisierungen von Seeufern";"revitalisierung_seen_v1_2";"1.2";"OW";"Freigabe erforderlich";False;"Frei erhältlich";False;"";"2023-07-24"
"Planung der Revitalisierungen von Seeufern";"revitalisierung_seen_v1_2";"1.2";"SG";"Frei erhältlich";False;"Frei erhältlich";False;"";"2023-07-24"
"Planung der Revitalisierungen von Seeufern";"revitalisierung_seen_v1_2";"1.2";"TI";"Frei erhältlich";False;"Frei erhältlich";False;"";"2023-07-24"
"Planung der Revitalisierungen von Seeufern";"revitalisierung_seen_v1_2";"1.2";"ZG";"Freigabe erforderlich";False;"Freigabe erforderlich";False;"";"2023-07-24"
"Planung der Revitalisierungen von Seeufern";"revitalisierung_seen_v1_2";"1.2";"ZH";"Freigabe erforderlich";False;"Freigabe erforderlich";False;"";"2023-07-24"
"Planung der Revitalisierungen von Seeufern";"";"";"AG";"keine Daten";"";"keine Daten";"";"";"2023-07-24"
"Planung der Revitalisierungen von Seeufern";"";"";"AI";"keine Daten";"";"keine Daten";"";"";"2023-07-24"
"Planung der Revitalisierungen von Seeufern";"";"";"AR";"keine Daten";"";"keine Daten";"";"";"2023-07-24"
"Planung der Revitalisierungen von Seeufern";"";"";"BL";"keine Daten";"";"keine Daten";"";"";"2023-07-24"
"Planung der Revitalisierungen von Seeufern";"";"";"BS";"keine Daten";"";"keine Daten";"";"";"2023-07-24"
"Planung der Revitalisierungen von Seeufern";"";"";"FL";"keine Daten";"";"keine Daten";"";"";"2023-07-24"
"Planung der Revitalisierungen von Seeufern";"";"";"FR";"keine Daten";"";"keine Daten";"";"";"2023-07-24"
"Planung der Revitalisierungen von Seeufern";"";"";"GE";"keine Daten";"";"keine Daten";"";"";"2023-07-24"
"Planung der Revitalisierungen von Seeufern";"";"";"JU";"keine Daten";"";"keine Daten";"";"";"2023-07-24"
"Planung der Revitalisierungen von Seeufern";"";"";"LU";"keine Daten";"";"keine Daten";"";"";"2023-07-24"
"Planung der Revitalisierungen von Seeufern";"";"";"NE";"keine Daten";"";"keine Daten";"";"";"2023-07-24"
"Planung der Revitalisierungen von Seeufern";"";"";"SH";"keine Daten";"";"keine Daten";"";"";"2023-07-24"
"Planung der Revitalisierungen von Seeufern";"";"";"SZ";"keine Daten";"";"keine Daten";"";"";"2023-07-24"
"Planung der Revitalisierungen von Seeufern";"";"";"TG";"keine Daten";"";"keine Daten";"";"";"2023-07-24"
"Planung der Revitalisierungen von Seeufern";"";"";"UR";"keine Daten";"";"keine Daten";"";"";"2023-07-24"
"Planung der Revitalisierungen von Seeufern";"";"";"VD";"keine Daten";"";"keine Daten";"";"";"2023-07-24"
"Planung der Revitalisierungen von Seeufern";"";"";"VS";"keine Daten";"";"keine Daten";"";"";"2023-07-24"
"Richtplanung erneuerbare Energien";"richtplanung_erneuerbare_energien_v1_0";"1.0";"AG";"Frei erhältlich";False;"Frei erhältlich";False;"";"2023-07-24"
"Richtplanung erneuerbare Energien";"richtplanung_erneuerbare_energien_v1_0";"1.0";"AI";"Frei erhältlich";False;"Frei erhältlich";False;"";"2023-07-24"
"Richtplanung erneuerbare Energien";"richtplanung_erneuerbare_energien_v1_0";"1.0";"AR";"Freigabe erforderlich";False;"Frei erhältlich";False;"";"2023-07-24"
"Richtplanung erneuerbare Energien";"richtplanung_erneuerbare_energien_v1_0";"1.0";"BE";"Frei erhältlich";False;"Frei erhältlich";False;"";"2023-07-24"
"Richtplanung erneuerbare Energien";"richtplanung_erneuerbare_energien_v1_0";"1.0";"BL";"Frei erhältlich";False;"Frei erhältlich";False;"";"2023-07-24"
"Richtplanung erneuerbare Energien";"richtplanung_erneuerbare_energien_v1_0";"1.0";"FR";"Frei erhältlich";False;"Frei erhältlich";False;"";"2023-07-24"
"Richtplanung erneuerbare Energien";"richtplanung_erneuerbare_energien_v1_0";"1.0";"GL";"Frei erhältlich";False;"Frei erhältlich";False;"";"2023-07-24"
"Richtplanung erneuerbare Energien";"richtplanung_erneuerbare_energien_v1_0";"1.0";"LU";"Frei erhältlich";False;"Frei erhältlich";False;"";"2023-07-24"
"Richtplanung erneuerbare Energien";"richtplanung_erneuerbare_energien_v1_0";"1.0";"NE";"Frei erhältlich";False;"Frei erhältlich";False;"";"2023-07-24"
"Richtplanung erneuerbare Energien";"richtplanung_erneuerbare_energien_v1_0";"1.0";"NW";"Freigabe erforderlich";False;"Frei erhältlich";False;"";"2023-07-24"
"Richtplanung erneuerbare Energien";"richtplanung_erneuerbare_energien_v1_0";"1.0";"OW";"Freigabe erforderlich";False;"Frei erhältlich";False;"";"2023-07-24"
"Richtplanung erneuerbare Energien";"richtplanung_erneuerbare_energien_v1_0";"1.0";"SG";"Frei erhältlich";False;"Frei erhältlich";False;"";"2023-07-24"
"Richtplanung erneuerbare Energien";"richtplanung_erneuerbare_energien_v1_0";"1.0";"SH";"Frei erhältlich";False;"Frei erhältlich";False;"";"2023-07-24"
"Richtplanung erneuerbare Energien";"richtplanung_erneuerbare_energien_v1_0";"1.0";"SO";"Frei erhältlich";False;"Frei erhältlich";False;"";"2023-07-24"
"Richtplanung erneuerbare Energien";"richtplanung_erneuerbare_energien_v1_0";"1.0";"SZ";"Frei erhältlich";False;"Frei erhältlich";False;"";"2023-07-24"
"Richtplanung erneuerbare Energien";"richtplanung_erneuerbare_energien_v1_0";"1.0";"TG";"Frei erhältlich";False;"Frei erhältlich";False;"";"2023-07-24"
"Richtplanung erneuerbare Energien";"richtplanung_erneuerbare_energien_v1_0";"1.0";"TI";"Frei erhältlich";False;"Frei erhältlich";False;"";"2023-07-24"
"Richtplanung erneuerbare Energien";"richtplanung_erneuerbare_energien_v1_0";"1.0";"UR";"Frei erhältlich";False;"Frei erhältlich";False;"";"2023-07-24"
"Richtplanung erneuerbare Energien";"richtplanung_erneuerbare_energien_v1_0";"1.0";"VS";"Frei erhältlich";False;"Frei erhältlich";False;"";"2023-07-24"
"Richtplanung erneuerbare Energien";"richtplanung_erneuerbare_energien_v1_0";"1.0";"ZG";"Frei erhältlich";False;"Frei erhältlich";False;"";"2023-07-24"
"Richtplanung erneuerbare Energien";"richtplanung_erneuerbare_energien_v1_0";"1.0";"ZH";"Frei erhältlich";False;"Frei erhältlich";False;"";"2023-07-24"
"Stromversorgungssicherheit: Netzgebiete";"stromversorgungssicherheit_netzgebiete_v1_2";"1.2";"BE";"Frei erhältlich";False;"Frei erhältlich";False;"";"2023-07-24"
"Stromversorgungssicherheit: Netzgebiete";"stromversorgungssicherheit_netzgebiete_v1_2";"1.2";"BL";"Frei erhältlich";False;"Frei erhältlich";False;"";"2023-07-24"
"Stromversorgungssicherheit: Netzgebiete";"stromversorgungssicherheit_netzgebiete_v1_2";"1.2";"BS";"Frei erhältlich";False;"Frei erhältlich";False;"";"2023-07-24"
"Stromversorgungssicherheit: Netzgebiete";"stromversorgungssicherheit_netzgebiete_v1_2";"1.2";"FR";"Frei erhältlich";False;"Frei erhältlich";False;"";"2023-07-24"
"Stromversorgungssicherheit: Netzgebiete";"stromversorgungssicherheit_netzgebiete_v1_2";"1.2";"GE";"Frei erhältlich";False;"Frei erhältlich";False;"";"2023-07-24"
"Stromversorgungssicherheit: Netzgebiete";"stromversorgungssicherheit_netzgebiete_v1_2";"1.2";"GL";"Frei erhältlich";False;"Frei erhältlich";False;"";"2023-07-24"
"Stromversorgungssicherheit: Netzgebiete";"stromversorgungssicherheit_netzgebiete_v1_2";"1.2";"GR";"Frei erhältlich";False;"Frei erhältlich";False;"";"2023-07-24"
"Stromversorgungssicherheit: Netzgebiete";"stromversorgungssicherheit_netzgebiete_v1_2";"1.2";"NE";"Registrierung erforderlich";False;"Frei erhältlich";False;"";"2023-07-24"
"Stromversorgungssicherheit: Netzgebiete";"stromversorgungssicherheit_netzgebiete_v1_2";"1.2";"NW";"Freigabe erforderlich";False;"Frei erhältlich";False;"";"2023-07-24"
"Stromversorgungssicherheit: Netzgebiete";"stromversorgungssicherheit_netzgebiete_v1_2";"1.2";"OW";"Freigabe erforderlich";False;"Frei erhältlich";False;"";"2023-07-24"
"Stromversorgungssicherheit: Netzgebiete";"stromversorgungssicherheit_netzgebiete_v1_2";"1.2";"SG";"Frei erhältlich";False;"Frei erhältlich";False;"";"2023-07-24"
"Stromversorgungssicherheit: Netzgebiete";"stromversorgungssicherheit_netzgebiete_v1_2";"1.2";"SH";"Frei erhältlich";False;"Frei erhältlich";False;"";"2023-07-24"
"Stromversorgungssicherheit: Netzgebiete";"stromversorgungssicherheit_netzgebiete_v1_2";"1.2";"SO";"Frei erhältlich";False;"Frei erhältlich";False;"";"2023-07-24"
"Stromversorgungssicherheit: Netzgebiete";"stromversorgungssicherheit_netzgebiete_v1_2";"1.2";"SZ";"Frei erhältlich";False;"Frei erhältlich";False;"";"2023-07-24"
"Stromversorgungssicherheit: Netzgebiete";"stromversorgungssicherheit_netzgebiete_v1_2";"1.2";"TG";"Frei erhältlich";False;"Frei erhältlich";False;"";"2023-07-24"
"Stromversorgungssicherheit: Netzgebiete";"stromversorgungssicherheit_netzgebiete_v1_2";"1.2";"TI";"Frei erhältlich";False;"Frei erhältlich";False;"";"2023-07-24"
"Stromversorgungssicherheit: Netzgebiete";"stromversorgungssicherheit_netzgebiete_v1_2";"1.2";"UR";"Frei erhältlich";False;"Frei erhältlich";False;"";"2023-07-24"
"Stromversorgungssicherheit: Netzgebiete";"stromversorgungssicherheit_netzgebiete_v1_2";"1.2";"VD";"Freigabe erforderlich";False;"Frei erhältlich";False;"";"2023-07-24"
"Stromversorgungssicherheit: Netzgebiete";"stromversorgungssicherheit_netzgebiete_v1_2";"1.2";"VS";"Frei erhältlich";False;"Frei erhältlich";False;"";"2023-07-24"
"Stromversorgungssicherheit: Netzgebiete";"stromversorgungssicherheit_netzgebiete_v1_2";"1.2";"ZG";"Frei erhältlich";False;"Frei erhältlich";False;"";"2023-07-24"
"Stromversorgungssicherheit: Netzgebiete";"stromversorgungssicherheit_netzgebiete_v1_2";"1.2";"ZH";"Frei erhältlich";False;"Frei erhältlich";False;"";"2023-07-24"
"Stromversorgungssicherheit: Netzgebiete";"";"";"AG";"keine Daten";"";"keine Daten";"";"";"2023-07-24"
"Stromversorgungssicherheit: Netzgebiete";"";"";"AI";"keine Daten";"";"keine Daten";"";"";"2023-07-24"
"Stromversorgungssicherheit: Netzgebiete";"";"";"AR";"keine Daten";"";"keine Daten";"";"";"2023-07-24"
"Stromversorgungssicherheit: Netzgebiete";"";"";"FL";"keine Daten";"";"keine Daten";"";"";"2023-07-24"
"Waldreservate";"waldreservate";"1.1";"AG";"Frei erhältlich";False;"Frei erhältlich";False;"";"2023-07-24"
"Waldreservate";"waldreservate";"1.1";"AI";"Im Aufbau";False;"Im Aufbau";False;"";"2023-07-24"
"Waldreservate";"waldreservate";"1.1";"AR";"Freigabe erforderlich";False;"Frei erhältlich";False;"";"2023-07-24"
"Waldreservate";"waldreservate";"1.1";"BE";"Frei erhältlich";False;"Frei erhältlich";False;"";"2023-07-24"
"Waldreservate";"waldreservate";"1.1";"BL";"Frei erhältlich";False;"Frei erhältlich";False;"";"2023-07-24"
"Waldreservate";"waldreservate";"1.1";"FL";"keine Daten";"";"keine Daten";"";"";"2023-07-24"
"Waldreservate";"waldreservate";"1.1";"FR";"Frei erhältlich";False;"Frei erhältlich";False;"";"2023-07-24"
"Waldreservate";"waldreservate";"1.1";"GE";"Frei erhältlich";False;"Frei erhältlich";False;"";"2023-07-24"
"Waldreservate";"waldreservate";"1.1";"GL";"Frei erhältlich";False;"Frei erhältlich";False;"";"2023-07-24"
"Waldreservate";"waldreservate";"1.1";"GR";"Frei erhältlich";False;"Frei erhältlich";False;"";"2023-07-24"
"Waldreservate";"waldreservate";"1.1";"JU";"Frei erhältlich";False;"Frei erhältlich";False;"";"2023-07-24"
"Waldreservate";"waldreservate";"1.1";"LU";"Frei erhältlich";False;"Frei erhältlich";False;"";"2023-07-24"
"Waldreservate";"waldreservate";"1.1";"NE";"Registrierung erforderlich";False;"Frei erhältlich";False;"";"2023-07-24"
"Waldreservate";"waldreservate";"1.1";"NW";"Freigabe erforderlich";False;"Frei erhältlich";False;"";"2023-07-24"
"Waldreservate";"waldreservate";"1.1";"OW";"Freigabe erforderlich";False;"Frei erhältlich";False;"";"2023-07-24"
"Waldreservate";"waldreservate";"1.1";"SG";"Frei erhältlich";False;"Frei erhältlich";False;"";"2023-07-24"
"Waldreservate";"waldreservate";"1.1";"SH";"Frei erhältlich";False;"Frei erhältlich";False;"";"2023-07-24"
"Waldreservate";"waldreservate";"1.1";"SO";"Frei erhältlich";False;"Frei erhältlich";False;"";"2023-07-24"
"Waldreservate";"waldreservate";"1.1";"SZ";"Frei erhältlich";False;"Frei erhältlich";False;"";"2023-07-24"
"Waldreservate";"waldreservate";"1.1";"TG";"Frei erhältlich";False;"Frei erhältlich";False;"";"2023-07-24"
"Waldreservate";"waldreservate";"1.1";"TI";"Frei erhältlich";False;"Frei erhältlich";False;"";"2023-07-24"
"Waldreservate";"waldreservate";"1.1";"UR";"Frei erhältlich";False;"Frei erhältlich";False;"";"2023-07-24"
"Waldreservate";"waldreservate";"1.1";"VD";"Freigabe erforderlich";True;"Frei erhältlich";False;"";"2023-07-24"
"Waldreservate";"waldreservate";"1.1";"VS";"Frei erhältlich";False;"Frei erhältlich";False;"";"2023-07-24"
"Waldreservate";"waldreservate";"1.1";"ZG";"Frei erhältlich";False;"Frei erhältlich";False;"";"2023-07-24"
"Waldreservate";"waldreservate";"1.1";"ZH";"Frei erhältlich";False;"Frei erhältlich";False;"";"2023-07-24"
"Waldreservate";"";"";"BS";"keine Daten";"";"keine Daten";"";"";"2023-07-24"
"Wildruhezonen";"wildruhezonen_v2_1";"2.1";"BE";"Frei erhältlich";False;"Frei erhältlich";False;"";"2023-07-24"
"Wildruhezonen";"wildruhezonen_v2_1";"2.1";"BL";"Frei erhältlich";False;"Frei erhältlich";False;"";"2023-07-24"
"Wildruhezonen";"wildruhezonen_v2_1";"2.1";"FL";"Freigabe erforderlich";False;"Frei erhältlich";False;"";"2023-07-24"
"Wildruhezonen";"wildruhezonen_v2_1";"2.1";"FR";"Frei erhältlich";False;"Frei erhältlich";False;"";"2023-07-24"
"Wildruhezonen";"wildruhezonen_v2_1";"2.1";"GL";"Frei erhältlich";False;"Frei erhältlich";False;"";"2023-07-24"
"Wildruhezonen";"wildruhezonen_v2_1";"2.1";"GR";"Frei erhältlich";False;"Frei erhältlich";False;"";"2023-07-24"
"Wildruhezonen";"wildruhezonen_v2_1";"2.1";"LU";"Frei erhältlich";False;"Frei erhältlich";False;"";"2023-07-24"
"Wildruhezonen";"wildruhezonen_v2_1";"2.1";"NW";"Freigabe erforderlich";False;"Frei erhältlich";False;"";"2023-07-24"
"Wildruhezonen";"wildruhezonen_v2_1";"2.1";"OW";"Freigabe erforderlich";False;"Frei erhältlich";False;"";"2023-07-24"
"Wildruhezonen";"wildruhezonen_v2_1";"2.1";"SG";"Frei erhältlich";False;"Frei erhältlich";False;"";"2023-07-24"
"Wildruhezonen";"wildruhezonen_v2_1";"2.1";"SO";"Frei erhältlich";False;"Frei erhältlich";False;"";"2023-07-24"
"Wildruhezonen";"wildruhezonen_v2_1";"2.1";"SZ";"Frei erhältlich";False;"Frei erhältlich";False;"";"2023-07-24"
"Wildruhezonen";"wildruhezonen_v2_1";"2.1";"TI";"Frei erhältlich";False;"Frei erhältlich";False;"";"2023-07-24"
"Wildruhezonen";"wildruhezonen_v2_1";"2.1";"UR";"Frei erhältlich";False;"Frei erhältlich";False;"";"2023-07-24"
"Wildruhezonen";"wildruhezonen_v2_1";"2.1";"VD";"Freigabe erforderlich";False;"Frei erhältlich";False;"";"2023-07-24"
"Wildruhezonen";"wildruhezonen_v2_1";"2.1";"VS";"Frei erhältlich";False;"Frei erhältlich";False;"";"2023-07-24"
"Wildruhezonen";"wildruhezonen_v2_1";"2.1";"ZG";"Frei erhältlich";False;"Frei erhältlich";False;"";"2023-07-24"
"Wildruhezonen";"";"";"AG";"keine Daten";"";"keine Daten";"";"";"2023-07-24"
"Wildruhezonen";"";"";"AI";"keine Daten";"";"keine Daten";"";"";"2023-07-24"
"Wildruhezonen";"";"";"AR";"keine Daten";"";"keine Daten";"";"";"2023-07-24"
"Wildruhezonen";"";"";"BS";"keine Daten";"";"keine Daten";"";"";"2023-07-24"
"Wildruhezonen";"";"";"GE";"keine Daten";"";"keine Daten";"";"";"2023-07-24"
"Wildruhezonen";"";"";"JU";"keine Daten";"";"keine Daten";"";"";"2023-07-24"
"Wildruhezonen";"";"";"NE";"keine Daten";"";"keine Daten";"";"";"2023-07-24"
"Wildruhezonen";"";"";"SH";"keine Daten";"";"keine Daten";"";"";"2023-07-24"
"Wildruhezonen";"";"";"TG";"keine Daten";"";"keine Daten";"";"";"2023-07-24"
"Wildruhezonen";"";"";"ZH";"keine Daten";"";"keine Daten";"";"";"2023-07-24"
"Leitungskataster";"";"";"UR";"keine Daten";"";"keine Daten";"";"";"2023-07-24"
"Landw. Bewirtschaftung: Elemente mit Landschaftsqualität";"";"";"AR";"keine Daten";"";"keine Daten";"";"";"2023-07-24"
"Landw. Bewirtschaftung: Elemente mit Landschaftsqualität";"";"";"BS";"keine Daten";"";"keine Daten";"";"";"2023-07-24"
"Landw. Bewirtschaftung: Elemente mit Landschaftsqualität";"";"";"FR";"keine Daten";"";"keine Daten";"";"";"2023-07-24"
"Landw. Bewirtschaftung: Elemente mit Landschaftsqualität";"";"";"NE";"keine Daten";"";"keine Daten";"";"";"2023-07-24"
"Planung der Revitalisierungen von Seeufern";"";"";"GR";"keine Daten";"";"keine Daten";"";"";"2023-07-24"
"Planung der Revitalisierungen von Seeufern";"";"";"SO";"keine Daten";"";"keine Daten";"";"";"2023-07-24"
"Stromversorgungssicherheit: Netzgebiete";"";"";"JU";"keine Daten";"";"keine Daten";"";"";"2023-07-24"
"Stromversorgungssicherheit: Netzgebiete";"";"";"LU";"keine Daten";"";"keine Daten";"";"";"2023-07-24"
"Naturereigniskataster erweitert";"";"";"AG";"Keine Daten";"";"Keine Daten";"";"Record inferred (no information on this record was provided by geodienste.ch)";"2023-07-24"
"Naturereigniskataster erweitert";"";"";"AI";"Keine Daten";"";"Keine Daten";"";"Record inferred (no information on this record was provided by geodienste.ch)";"2023-07-24"
"Naturereigniskataster erweitert";"";"";"AR";"Keine Daten";"";"Keine Daten";"";"Record inferred (no information on this record was provided by geodienste.ch)";"2023-07-24"
"Naturereigniskataster erweitert";"";"";"BE";"Keine Daten";"";"Keine Daten";"";"Record inferred (no information on this record was provided by geodienste.ch)";"2023-07-24"
"Naturereigniskataster erweitert";"";"";"BL";"Keine Daten";"";"Keine Daten";"";"Record inferred (no information on this record was provided by geodienste.ch)";"2023-07-24"
"Naturereigniskataster erweitert";"";"";"BS";"Keine Daten";"";"Keine Daten";"";"Record inferred (no information on this record was provided by geodienste.ch)";"2023-07-24"
"Naturereigniskataster erweitert";"";"";"GE";"Keine Daten";"";"Keine Daten";"";"Record inferred (no information on this record was provided by geodienste.ch)";"2023-07-24"
"Naturereigniskataster erweitert";"";"";"GL";"Keine Daten";"";"Keine Daten";"";"Record inferred (no information on this record was provided by geodienste.ch)";"2023-07-24"
"Naturereigniskataster erweitert";"";"";"GR";"Keine Daten";"";"Keine Daten";"";"Record inferred (no information on this record was provided by geodienste.ch)";"2023-07-24"
"Naturereigniskataster erweitert";"";"";"JU";"Keine Daten";"";"Keine Daten";"";"Record inferred (no information on this record was provided by geodienste.ch)";"2023-07-24"
"Naturereigniskataster erweitert";"";"";"LU";"Keine Daten";"";"Keine Daten";"";"Record inferred (no information on this record was provided by geodienste.ch)";"2023-07-24"
"Naturereigniskataster erweitert";"";"";"NW";"Keine Daten";"";"Keine Daten";"";"Record inferred (no information on this record was provided by geodienste.ch)";"2023-07-24"
"Naturereigniskataster erweitert";"";"";"OW";"Keine Daten";"";"Keine Daten";"";"Record inferred (no information on this record was provided by geodienste.ch)";"2023-07-24"
"Naturereigniskataster erweitert";"";"";"SG";"Keine Daten";"";"Keine Daten";"";"Record inferred (no information on this record was provided by geodienste.ch)";"2023-07-24"
"Naturereigniskataster erweitert";"";"";"SH";"Keine Daten";"";"Keine Daten";"";"Record inferred (no information on this record was provided by geodienste.ch)";"2023-07-24"
"Naturereigniskataster erweitert";"";"";"SO";"Keine Daten";"";"Keine Daten";"";"Record inferred (no information on this record was provided by geodienste.ch)";"2023-07-24"
"Naturereigniskataster erweitert";"";"";"SZ";"Keine Daten";"";"Keine Daten";"";"Record inferred (no information on this record was provided by geodienste.ch)";"2023-07-24"
"Naturereigniskataster erweitert";"";"";"TG";"Keine Daten";"";"Keine Daten";"";"Record inferred (no information on this record was provided by geodienste.ch)";"2023-07-24"
"Naturereigniskataster erweitert";"";"";"TI";"Keine Daten";"";"Keine Daten";"";"Record inferred (no information on this record was provided by geodienste.ch)";"2023-07-24"
"Naturereigniskataster erweitert";"";"";"UR";"Keine Daten";"";"Keine Daten";"";"Record inferred (no information on this record was provided by geodienste.ch)";"2023-07-24"
"Naturereigniskataster erweitert";"";"";"VD";"Keine Daten";"";"Keine Daten";"";"Record inferred (no information on this record was provided by geodienste.ch)";"2023-07-24"
"Naturereigniskataster erweitert";"";"";"VS";"Keine Daten";"";"Keine Daten";"";"Record inferred (no information on this record was provided by geodienste.ch)";"2023-07-24"
"Naturereigniskataster erweitert";"";"";"ZG";"Keine Daten";"";"Keine Daten";"";"Record inferred (no information on this record was provided by geodienste.ch)";"2023-07-24"
"Naturereigniskataster erweitert";"";"";"ZH";"Keine Daten";"";"Keine Daten";"";"Record inferred (no information on this record was provided by geodienste.ch)";"2023-07-24"
"Naturereigniskataster";"";"";"BE";"Keine Daten";"";"Keine Daten";"";"Record inferred (no information on this record was provided by geodienste.ch)";"2023-07-24"
"Naturereigniskataster";"";"";"BL";"Keine Daten";"";"Keine Daten";"";"Record inferred (no information on this record was provided by geodienste.ch)";"2023-07-24"
"Naturereigniskataster";"";"";"BS";"Keine Daten";"";"Keine Daten";"";"Record inferred (no information on this record was provided by geodienste.ch)";"2023-07-24"
"Naturereigniskataster";"";"";"GE";"Keine Daten";"";"Keine Daten";"";"Record inferred (no information on this record was provided by geodienste.ch)";"2023-07-24"
"Naturereigniskataster";"";"";"JU";"Keine Daten";"";"Keine Daten";"";"Record inferred (no information on this record was provided by geodienste.ch)";"2023-07-24"
"Naturereigniskataster";"";"";"NW";"Keine Daten";"";"Keine Daten";"";"Record inferred (no information on this record was provided by geodienste.ch)";"2023-07-24"
"Naturereigniskataster";"";"";"OW";"Keine Daten";"";"Keine Daten";"";"Record inferred (no information on this record was provided by geodienste.ch)";"2023-07-24"
"Naturereigniskataster";"";"";"UR";"Keine Daten";"";"Keine Daten";"";"Record inferred (no information on this record was provided by geodienste.ch)";"2023-07-24"
"Richtplanung erneuerbare Energien";"";"";"BS";"Keine Daten";"";"Keine Daten";"";"Record inferred (no information on this record was provided by geodienste.ch)";"2023-07-24"
"Richtplanung erneuerbare Energien";"";"";"FL";"Keine Daten";"";"Keine Daten";"";"Record inferred (no information on this record was provided by geodienste.ch)";"2023-07-24"
"Richtplanung erneuerbare Energien";"";"";"GE";"Keine Daten";"";"Keine Daten";"";"Record inferred (no information on this record was provided by geodienste.ch)";"2023-07-24"
"Richtplanung erneuerbare Energien";"";"";"GR";"Keine Daten";"";"Keine Daten";"";"Record inferred (no information on this record was provided by geodienste.ch)";"2023-07-24"
"Richtplanung erneuerbare Energien";"";"";"JU";"Keine Daten";"";"Keine Daten";"";"Record inferred (no information on this record was provided by geodienste.ch)";"2023-07-24"
"Richtplanung erneuerbare Energien";"";"";"VD";"Keine Daten";"";"Keine Daten";"";"Record inferred (no information on this record was provided by geodienste.ch)";"2023-07-24"
